True_Purchase,Bayes_Prediction,DecisionTree_Prediction,True_SpendingAmount,Predicted_Revenue
0,1,0,0.0,14.872657636895868
1,0,0,38.88503058574393,7.724624589889686
0,0,0,0.0,11.127296485873549
0,0,1,0.0,169.435891736418
0,0,0,0.0,47.51772528798611
0,0,0,0.0,9.330239359097003
0,0,0,0.0,0.0
0,0,0,0.0,1.7344455482870806
0,1,1,0.0,213.6457967219565
0,0,0,0.0,4.585901836469791
0,0,0,0.0,4.631003042753395
0,0,0,0.0,2.025207609274016
0,0,0,0.0,4.262330775217205
0,1,0,0.0,30.876532477608066
0,0,0,0.0,0.0
0,0,0,0.0,0.0
0,0,0,0.0,0.0
0,0,0,0.0,4.925030976758812
1,0,0,37.2188230203663,11.65008620212379
0,0,0,0.0,0.0
0,0,0,0.0,12.643729783254157
0,0,0,0.0,0.9914283999357174
0,0,0,0.0,2.329431737923837
0,0,0,0.0,6.834128646515687
0,0,0,0.0,11.152240336025962
0,0,0,0.0,0.0
1,0,0,75.888064286119,38.19736510955047
0,0,0,0.0,0.0
1,1,1,513.8510803689724,406.11456892850754
0,0,0,0.0,0.0
0,0,0,0.0,0.0
1,0,0,163.5682542437378,93.58453014256264
1,0,0,88.79004625068184,31.62323473555782
0,0,0,0.0,6.33909335473205
0,0,0,0.0,0.3087912616866042
0,0,0,0.0,18.989096127941668
0,0,0,0.0,0.0
0,0,0,0.0,0.0
0,0,0,0.0,2.2823924397597573
0,0,0,0.0,124.23333131362143
0,0,0,0.0,0.3175178645799548
0,0,1,0.0,70.41659707241995
0,0,0,0.0,0.0
0,1,0,0.0,0.0
0,0,0,0.0,1.685891200316977
0,0,0,0.0,0.0
0,0,0,0.0,9.09690115999151
0,1,0,0.0,0.0
0,0,0,0.0,13.59066430854198
0,0,0,0.0,0.0
0,0,0,0.0,0.808606374365187
0,0,0,0.0,9.511369160659779
0,0,0,0.0,17.475815036872294
0,0,0,0.0,6.186406419235652
0,0,0,0.0,15.265399995851475
0,0,0,0.0,11.134464481374076
1,1,0,138.37598203523115,113.23692286569137
0,0,0,0.0,0.0
0,0,0,0.0,0.08040434547455888
0,0,0,0.0,5.7867390770569465
1,0,0,26.68549541224526,34.77231275475554
0,0,0,0.0,144.53128199812843
0,1,0,0.0,0.0
0,0,0,0.0,2.375306568915228
0,0,0,0.0,4.018350069424088
0,0,0,0.0,0.0
0,0,0,0.0,0.0
0,0,0,0.0,5.480849522810484
0,0,0,0.0,16.45275235799197
0,0,0,0.0,39.995864853537725
0,0,0,0.0,0.0
0,0,0,0.0,0.0
0,0,0,0.0,0.0
1,0,0,123.75850838831882,104.81265002724834
0,0,0,0.0,11.471552763960082
0,0,0,0.0,0.0
0,0,0,0.0,0.0
0,0,0,0.0,68.88784152674779
0,0,0,0.0,3.662531946785368
0,0,0,0.0,0.0
0,0,0,0.0,4.347031300613356
0,0,0,0.0,6.251451557848025
0,1,0,0.0,28.630045891614866
0,0,0,0.0,0.0
0,0,0,0.0,0.0
0,0,0,0.0,9.601888310865455
0,0,0,0.0,2.8567584999346636
0,1,1,0.0,179.42166896998145
0,0,0,0.0,0.0
0,0,0,0.0,0.0
0,0,0,0.0,1.5387630372845251
0,0,0,0.0,3.8566316547550343
0,0,0,0.0,0.0
0,0,0,0.0,3.595597403280461
0,0,0,0.0,0.0
0,0,0,0.0,2.3217433970008194
0,0,0,0.0,0.0
0,0,0,0.0,0.0
0,1,0,0.0,0.0
0,0,0,0.0,0.0
0,1,0,0.0,154.14551208544898
0,0,0,0.0,4.6135806399172345
0,0,0,0.0,19.26391871289036
1,0,1,123.25286596746601,74.69753082582609
0,0,0,0.0,17.305040550459108
0,0,0,0.0,1.1644403917904143
0,0,0,0.0,5.9117387237818875
0,0,0,0.0,22.376769954787186
0,0,0,0.0,0.0
0,0,0,0.0,14.506121225443989
0,0,0,0.0,0.0
1,0,0,82.57075942436546,35.57983881930337
1,0,0,35.253271980038065,9.478082715389139
0,0,0,0.0,0.0
1,1,1,336.69430655040594,275.8484650976949
0,0,0,0.0,20.721507734038628
0,0,0,0.0,19.228614900547484
0,0,0,0.0,9.05923093377007
0,0,1,0.0,168.30567644127646
0,0,0,0.0,27.470216015874026
1,0,0,53.601000796856525,6.081113877750827
0,0,0,0.0,15.695219314329977
0,0,0,0.0,2.125371670554106
0,0,0,0.0,5.155448489910924
0,0,0,0.0,32.02645647950206
0,0,0,0.0,4.268698858369088
0,0,0,0.0,0.0
0,1,1,0.0,197.93466972048034
0,0,0,0.0,0.0
0,0,0,0.0,29.073477223215033
1,0,0,66.88511019448214,35.934291871072084
0,0,0,0.0,0.0
0,1,0,0.0,21.64155326166965
1,1,1,520.2490104249501,424.87450336641547
0,0,0,0.0,21.45531274261131
0,0,0,0.0,10.732253887717336
0,0,0,0.0,0.0
1,0,0,33.0300497567282,0.0
1,0,0,135.42957302625626,81.12581502944884
0,0,0,0.0,0.0
0,0,0,0.0,0.0
0,0,0,0.0,27.26491416042905
0,0,0,0.0,0.0
0,0,0,0.0,0.0
0,0,0,0.0,0.0
0,0,0,0.0,21.492177030636686
0,0,0,0.0,0.0
0,1,0,0.0,39.96118135633771
1,0,1,109.59031849756732,67.27547367206132
0,0,0,0.0,0.0
1,0,0,137.94750777680835,91.74574488917416
1,0,0,136.0020862241114,67.47621930524444
0,0,0,0.0,1.9617439489237256
0,0,0,0.0,1.9028471647192404
0,0,0,0.0,0.0
0,0,0,0.0,92.54316467711843
0,0,0,0.0,0.0
0,0,0,0.0,0.0
0,0,0,0.0,0.0
0,0,0,0.0,5.570103534924222
0,0,0,0.0,14.386797940826542
1,1,1,801.0534126457645,649.3234687022701
0,0,0,0.0,15.383558364536396
0,0,0,0.0,1.8457400278192075
0,0,0,0.0,0.0
0,0,0,0.0,1.5212359856103603
0,0,0,0.0,0.0
0,0,0,0.0,40.023415853547306
0,0,0,0.0,0.0
0,0,0,0.0,0.3175178645799548
1,0,0,91.91813582448543,52.98315772568817
0,0,0,0.0,0.0
0,0,0,0.0,15.932089505962212
0,0,0,0.0,0.0
0,1,0,0.0,38.88148460951688
0,0,0,0.0,0.0
0,0,0,0.0,3.5897241318550783
0,0,0,0.0,0.0
0,0,0,0.0,3.2958144266287306
1,0,1,84.05164224173502,55.974536521685295
0,0,0,0.0,0.0
1,1,1,323.7038159443645,229.0768899296286
0,0,0,0.0,11.173107432081952
0,0,0,0.0,0.0
0,0,0,0.0,0.0
0,0,0,0.0,1.76492166827002
0,0,0,0.0,0.0
1,0,0,78.79710724136095,39.591668578284356
0,1,0,0.0,0.0
0,0,0,0.0,2.3032500894459
0,0,0,0.0,0.0
0,0,0,0.0,8.925289977486798
0,0,0,0.0,0.0
0,0,0,0.0,0.0
0,0,0,0.0,68.55383530942748
0,1,0,0.0,27.643133389939774
0,0,0,0.0,0.0
0,0,0,0.0,4.23720344457713
1,0,1,107.99917621527894,71.07662459460208
1,1,0,33.041139061701244,0.0
0,0,0,0.0,0.0
0,0,0,0.0,0.0
0,0,0,0.0,3.7395651015126994
0,0,0,0.0,46.216470294914515
0,0,0,0.0,14.783934923432483
1,0,0,81.7230215101801,39.93826312098875
0,0,0,0.0,50.996952991917425
0,0,0,0.0,12.550892615332987
0,0,0,0.0,0.0
0,0,0,0.0,10.276870431630178
0,0,0,0.0,0.0
0,0,0,0.0,14.95531816176782
0,0,0,0.0,37.12240607283766
0,0,0,0.0,6.893992148280539
0,1,0,0.0,249.33217058300244
0,0,0,0.0,0.0
1,0,0,49.1014755208827,0.09207407426426073
0,0,0,0.0,0.0
0,0,0,0.0,0.26319406039580073
0,0,0,0.0,2.289094812903361
0,0,0,0.0,4.225892842570879
0,0,0,0.0,2.3511226165932193
0,0,0,0.0,0.0
1,0,0,27.783588744042447,0.0
0,0,0,0.0,0.0
0,0,0,0.0,0.0
0,0,0,0.0,0.0
0,0,0,0.0,0.0
0,0,0,0.0,0.0
1,1,1,244.1354004494882,189.5083110003405
0,0,0,0.0,0.0
0,0,0,0.0,0.15636813929215165
0,0,0,0.0,0.0
0,0,0,0.0,0.0
1,1,1,218.25300706685897,191.71194328806283
0,0,0,0.0,0.0
0,0,0,0.0,0.0
1,0,1,137.80954551556678,109.42249411696106
0,0,0,0.0,9.106693028072485
1,0,1,162.02203825186052,116.33853057992779
0,0,0,0.0,10.67364392405279
0,0,0,0.0,0.0
1,1,1,34.59614467287602,0.0
0,0,0,0.0,0.34995461660410854
0,0,0,0.0,4.018350069424088
0,0,0,0.0,5.513367990263415
0,0,0,0.0,0.0
0,0,0,0.0,0.0
0,0,0,0.0,78.4963843358962
0,0,0,0.0,0.0
1,1,1,304.46988026882076,236.05043685560753
1,0,0,112.64748364102395,70.78520822740997
0,0,0,0.0,4.221836118896203
0,0,0,0.0,6.446372506896367
0,0,0,0.0,8.19025421525491
0,0,0,0.0,0.0
0,0,0,0.0,4.8906008965070065
0,0,0,0.0,0.0
0,0,0,0.0,0.0
0,0,0,0.0,4.923510566467392
0,0,0,0.0,7.15163871968284
1,1,1,250.83908790052828,183.29071671960634
0,0,0,0.0,0.0
0,0,0,0.0,6.5228365914984465
1,0,0,34.48419657932766,4.820325893401918
0,0,0,0.0,4.018350069424088
0,0,0,0.0,0.0
0,1,0,0.0,0.0
1,1,1,273.5741382115545,207.69712484074327
0,0,0,0.0,0.0
0,0,0,0.0,0.0
0,0,0,0.0,1.2968219220832253
0,0,0,0.0,0.0
1,0,0,45.15635504662852,13.390161213932394
0,0,0,0.0,4.258341070329752
0,0,0,0.0,30.67656688704154
0,0,0,0.0,0.0
0,0,0,0.0,0.0
0,0,0,0.0,0.0
0,0,0,0.0,0.0
0,0,0,0.0,5.074292660640623
0,0,0,0.0,0.0
0,0,0,0.0,0.0
0,0,0,0.0,3.4254136612268127
0,0,0,0.0,0.0
0,0,0,0.0,0.5308042448534778
0,0,0,0.0,0.0
0,1,0,0.0,0.0
0,1,0,0.0,0.0
1,1,1,217.1097145086291,153.59908083535294
1,1,1,469.1611338146725,369.36324889407643
0,0,0,0.0,0.0
0,0,0,0.0,2.280020738844268
0,0,0,0.0,18.875832591878662
0,0,0,0.0,4.3546250133767614
0,0,0,0.0,0.0
1,0,0,30.339277552637014,0.0
1,0,0,82.7188226674508,35.48983126358979
0,0,0,0.0,12.210908038296505
0,0,0,0.0,0.0
0,0,0,0.0,0.0
1,0,0,148.06952947897983,101.59103084798592
0,0,0,0.0,18.7520833769139
1,1,0,179.77322062314437,132.220382224303
0,0,0,0.0,11.345162958074638
0,0,0,0.0,0.12518831137380104
0,0,0,0.0,5.7663216059595115
1,0,0,143.84459449280885,90.02348190479229
0,0,0,0.0,0.0
0,0,0,0.0,0.0
0,0,0,0.0,1.9461072993732564
0,0,0,0.0,23.345547665300813
0,0,0,0.0,0.0
0,0,0,0.0,0.0
0,0,0,0.0,5.946055671070379
0,0,0,0.0,0.0
0,0,0,0.0,4.958578593328177
0,0,0,0.0,0.0
1,0,1,133.4479266432582,98.76791300127867
0,1,1,0.0,352.58018974003045
0,0,0,0.0,0.0
0,1,0,0.0,0.0
0,0,0,0.0,5.13420547938852
0,0,0,0.0,0.0
0,1,1,0.0,191.2675221565248
0,0,0,0.0,0.0
0,1,0,0.0,0.0
0,0,0,0.0,9.17928967244806
0,0,0,0.0,0.0
0,0,0,0.0,0.0
1,0,1,107.2248366780398,64.74408271506786
0,0,0,0.0,0.0
0,0,0,0.0,4.428795273556563
0,0,0,0.0,46.27021685405383
0,0,0,0.0,31.807200976878487
0,0,0,0.0,5.184418727893593
0,0,0,0.0,0.0
0,0,0,0.0,0.8721897780865753
0,0,0,0.0,0.0
0,0,0,0.0,0.0
0,0,0,0.0,9.557287346138962
0,0,0,0.0,1.903902514927541
0,0,0,0.0,1.1809038755214978
0,0,0,0.0,0.0
0,0,0,0.0,0.0
0,0,0,0.0,4.018350069424088
0,0,0,0.0,24.166272975378966
0,0,0,0.0,111.518155656563
0,0,0,0.0,0.4936286422681455
0,0,0,0.0,10.75037758133315
0,0,0,0.0,4.018350069424088
0,0,0,0.0,0.7284080026649455
0,0,0,0.0,0.0
0,0,0,0.0,0.0
0,1,0,0.0,0.0
1,1,1,758.8190234441953,634.6981831492723
0,0,0,0.0,0.9556487246006533
0,0,0,0.0,0.0
0,0,0,0.0,21.19866335878011
0,0,0,0.0,37.417965158009935
0,0,0,0.0,0.0
0,0,0,0.0,3.6821662703452773
0,0,0,0.0,21.791599766977384
0,0,0,0.0,14.61887548862256
1,0,0,111.36489635317156,42.8798246053251
0,0,1,0.0,120.1152283230805
1,0,0,64.05084983234165,0.0
0,0,0,0.0,0.0
0,0,0,0.0,0.0
0,0,0,0.0,0.6254061105854056
0,0,0,0.0,2.076829571301257
0,0,0,0.0,4.018350069424088
0,0,0,0.0,0.0
1,0,0,28.87617299053658,0.0
0,0,0,0.0,0.6900012627852483
0,0,0,0.0,0.0
0,0,0,0.0,0.0
0,0,0,0.0,0.0
0,0,0,0.0,0.9104542727772298
0,0,0,0.0,18.322187310541516
0,0,0,0.0,25.199525058056427
0,0,0,0.0,0.0
0,0,0,0.0,0.0
0,0,0,0.0,19.19106544829708
1,1,1,469.4754576518724,384.80579272186566
0,0,0,0.0,1.3135161521453078
0,0,0,0.0,0.0
0,0,0,0.0,0.0
1,0,0,109.47882068823809,57.13703796694697
0,0,0,0.0,5.648307791227211
0,0,0,0.0,74.01890591728917
0,0,0,0.0,14.263466291944429
1,0,0,68.39178901263368,29.079050118170183
0,0,0,0.0,1.8013982426333186
0,0,0,0.0,0.0
0,0,0,0.0,0.0
0,0,0,0.0,8.593389107368704
0,0,0,0.0,0.0
1,0,0,29.37106539950176,0.6719025141159456
0,0,0,0.0,5.740559282853475
0,0,0,0.0,45.95614687631213
0,0,0,0.0,0.0
0,0,0,0.0,3.6601509539821038
0,0,0,0.0,39.39035086032379
0,0,0,0.0,1.850315018713534
0,0,0,0.0,34.483648225687425
0,0,0,0.0,2.1957658625013217
0,0,0,0.0,3.77172390528181
0,0,0,0.0,0.0
0,0,0,0.0,11.790084876622053
1,0,1,120.91823734050345,67.78253365160295
0,0,0,0.0,0.3771864995025318
1,0,0,54.765711602506194,13.618276619307276
0,0,0,0.0,3.043487517146783
0,0,1,0.0,39.32129626141604
0,0,0,0.0,0.2792533698893003
0,0,0,0.0,3.1105855284664656
1,0,0,126.1308689309043,99.68174369654474
0,0,0,0.0,23.500993507584795
0,0,0,0.0,1.6954030242605
0,0,0,0.0,1.7894280704079577
1,0,0,55.30081831391386,23.690569511070077
0,0,0,0.0,0.0
0,0,0,0.0,8.77593899173505
0,0,0,0.0,21.832901534685078
1,0,0,34.44946397132149,0.0
0,1,0,0.0,21.45794409461261
0,0,0,0.0,0.0
0,0,0,0.0,6.309442618517931
0,0,0,0.0,10.52271384545364
0,0,0,0.0,13.67275420423535
0,0,0,0.0,0.0
0,0,0,0.0,3.182129809321065
0,0,0,0.0,0.0
1,1,1,254.80590035536662,180.1654425699359
0,0,0,0.0,0.0
1,1,1,437.9410762897062,358.4647821482378
0,0,0,0.0,0.17847469063071486
0,0,0,0.0,0.0
0,0,0,0.0,0.0
0,0,0,0.0,0.9104542727772298
0,0,0,0.0,0.0
1,1,1,414.1977066003918,381.33085310307996
0,0,0,0.0,9.877606767333674
0,0,0,0.0,9.643949163150957
0,0,0,0.0,0.0
0,0,0,0.0,3.7828131988712137
0,0,0,0.0,8.372479999409247
0,0,0,0.0,0.0
0,0,0,0.0,6.211431393428185
0,0,0,0.0,38.64685706354555
0,0,0,0.0,0.0
0,0,0,0.0,0.0
0,0,0,0.0,0.0
0,0,0,0.0,0.0
1,0,0,149.98773542218575,95.33382758974253
0,0,0,0.0,3.105936554602799
0,0,0,0.0,9.75652135254392
0,1,0,0.0,503.2335740516503
0,0,0,0.0,4.831140310678581
0,0,0,0.0,26.48471888042855
0,0,0,0.0,0.0
0,0,0,0.0,2.5887325561604584
0,0,0,0.0,8.43794271080084
0,0,0,0.0,9.22078963680178
0,0,0,0.0,0.0
0,0,0,0.0,0.0
1,1,1,326.91578512718456,261.6866576803163
0,0,0,0.0,3.4254136612268127
0,0,0,0.0,0.0
1,1,0,145.72234597231287,95.44798141597917
0,0,0,0.0,0.0
0,0,0,0.0,16.234899423988985
0,0,0,0.0,4.045122258007261
0,0,0,0.0,0.1354357472996668
0,0,0,0.0,2.2944836044104377
0,0,0,0.0,3.3020394988654402
0,0,0,0.0,2.371381476851994
1,0,0,34.59158303001156,0.0
0,0,0,0.0,0.0
0,0,0,0.0,2.8203853272093404
0,0,0,0.0,8.435965735116678
1,0,1,128.04442684768262,79.32726243689292
0,0,0,0.0,0.0
0,0,0,0.0,5.079081833522601
0,0,0,0.0,1.8714657629033837
0,0,0,0.0,0.0
0,0,0,0.0,0.0
0,0,0,0.0,2.472970559373053
0,0,0,0.0,11.554959038683998
0,1,0,0.0,0.0
1,0,1,158.43781606728743,101.61485796069398
0,0,0,0.0,1.4576544425199671
0,0,0,0.0,0.0
0,0,0,0.0,0.0
0,0,0,0.0,29.817398838230172
0,0,0,0.0,13.290088980003086
0,0,0,0.0,0.0
0,0,0,0.0,0.2898141241712864
0,0,0,0.0,21.978533550623744
0,0,0,0.0,5.177964305263579
0,0,0,0.0,0.5677967414683636
0,0,0,0.0,7.471457500423483
0,0,0,0.0,0.0
1,0,0,96.16353330570537,62.50683642339604
0,0,0,0.0,0.0
0,1,1,0.0,156.27113075603387
0,0,0,0.0,0.0
0,0,0,0.0,9.22983718542799
1,1,1,416.8870525937754,348.7280210844785
0,0,0,0.0,1.7476438493943007
0,0,0,0.0,98.93495771933728
0,0,0,0.0,0.2914033700735743
1,0,0,163.53678003164083,115.2643146099328
1,0,0,27.239118742286205,0.0
1,0,0,30.63189789773206,0.0
0,0,0,0.0,40.27931331439551
1,0,0,28.96518883701116,0.0
0,0,0,0.0,0.0
0,0,0,0.0,7.483969220498043
0,0,0,0.0,0.0
0,0,1,0.0,6.871364275952882
0,0,1,0.0,71.0804915607111
0,0,0,0.0,47.41923930143482
0,0,0,0.0,0.0
0,0,0,0.0,0.0
0,0,0,0.0,4.157037813371591
0,0,0,0.0,5.244540190624875
0,0,0,0.0,4.232122407021432
1,1,0,169.0225129485585,107.388328105331
0,0,0,0.0,9.991019009062454
1,0,0,22.384065476081126,0.0
0,0,0,0.0,0.0
1,0,0,25.970649667519055,0.0
0,0,1,0.0,114.13401505017583
0,0,0,0.0,0.0
0,0,0,0.0,12.293000121856275
1,0,1,95.77584129693162,54.45538711510098
0,0,0,0.0,0.9866400651063927
0,0,0,0.0,0.0
0,0,0,0.0,0.0
0,0,0,0.0,0.0
1,0,0,89.79225285455894,48.85380753939349
0,0,0,0.0,12.910174723563221
0,0,0,0.0,0.0
0,0,0,0.0,0.0
0,0,0,0.0,6.636217973576887
1,0,1,214.010293716534,157.73216746272104
0,0,0,0.0,0.0
0,0,0,0.0,0.0
0,0,0,0.0,0.0
0,0,0,0.0,1.5171831832701308
0,0,0,0.0,3.2658999352740636
0,0,0,0.0,2.1050078998141935
0,0,0,0.0,0.0
0,0,0,0.0,4.0213437698064745
0,0,0,0.0,0.0
0,0,0,0.0,3.005657650179863
0,0,0,0.0,3.141034620054139
0,0,0,0.0,50.19302339049844
0,0,0,0.0,0.0
0,0,0,0.0,0.0
0,0,0,0.0,13.444116650191303
1,0,0,113.28635197273934,61.789441699060646
0,0,0,0.0,0.0
0,1,0,0.0,59.964080015332
1,0,0,34.796582587918586,3.869482804352959
0,0,0,0.0,27.335599389931783
0,0,0,0.0,3.756295815188146
0,0,0,0.0,37.80282723705777
0,0,0,0.0,1.893237396120643
0,0,0,0.0,1.8874920458165967
0,0,0,0.0,0.0
0,0,0,0.0,0.0
0,0,0,0.0,12.437594038316574
0,0,0,0.0,2.348390813461979
1,0,1,128.34373986449154,89.99724540009423
0,0,0,0.0,2.4196474958018115
0,0,1,0.0,66.30141120084767
0,0,0,0.0,3.0942291896043557
0,0,0,0.0,26.640831723289654
0,0,0,0.0,0.0
0,0,0,0.0,0.0
0,0,0,0.0,2.3024151384401463
1,0,1,157.44701261933392,90.76568935103117
0,0,0,0.0,4.555831249670689
0,0,0,0.0,2.4644021711006587
0,0,0,0.0,0.0
0,0,0,0.0,38.677102188452665
0,0,0,0.0,3.7730951388676033
0,0,0,0.0,47.19210209809637
1,0,0,31.63066511121059,2.6517187825748856
0,0,0,0.0,0.0
0,0,0,0.0,0.0
0,0,0,0.0,0.0
0,0,0,0.0,0.0
0,0,0,0.0,1.214854275087756
0,0,0,0.0,20.642114987360852
1,0,1,120.23242383669933,88.78317971921354
1,0,0,31.824805012331126,1.4375515467308695
0,0,0,0.0,4.225803390310393
0,0,0,0.0,0.020887241372047782
1,0,0,77.84905561787616,42.79087718930809
0,0,0,0.0,0.0
1,1,1,360.16785919951906,270.56318477204934
0,0,0,0.0,0.0
0,0,0,0.0,7.4591256981724925
0,0,0,0.0,0.0
0,0,0,0.0,0.0
0,0,0,0.0,0.0
1,0,0,30.61148751516142,3.102231605704045
1,0,1,104.97962865390897,68.96150961958892
0,0,0,0.0,4.018350069424088
0,0,0,0.0,1.8603348707106058
0,0,0,0.0,4.4226259585118655
0,0,0,0.0,13.283947406339628
0,1,0,0.0,12.154628067292231
0,0,0,0.0,0.0
0,0,0,0.0,2.792340742173497
0,0,0,0.0,9.912919118420971
1,1,1,345.04875286209995,271.4093974550746
0,0,0,0.0,4.170679803643825
0,0,0,0.0,88.66193770326585
0,0,0,0.0,38.13783668691886
1,0,0,102.17945634405174,49.132027556032654
0,0,0,0.0,12.62794976595248
0,0,0,0.0,0.0
0,0,0,0.0,16.98571935131949
0,0,0,0.0,0.0
1,0,0,60.01148911845097,30.070373926524162
0,0,0,0.0,0.0
0,0,0,0.0,0.0
0,0,0,0.0,0.0
0,0,1,0.0,100.24409843140928
0,0,0,0.0,25.79826195656576
0,0,0,0.0,4.018350069424088
0,0,0,0.0,4.644232087321914
0,1,1,0.0,164.56067216731563
0,0,0,0.0,5.742253671746418
0,0,0,0.0,2.7697530233970866
0,1,0,0.0,0.0
0,0,0,0.0,0.0
0,0,0,0.0,5.664916930398711
1,0,0,42.67806098823064,12.194634358620037
0,0,0,0.0,0.1558242364247775
0,0,0,0.0,4.510348824731761
0,0,0,0.0,8.64061150934354
0,0,0,0.0,37.20095983543739
1,1,0,123.71873589172836,92.64282993084535
0,0,0,0.0,4.018350069424088
0,0,0,0.0,0.0
0,0,0,0.0,0.0
0,0,0,0.0,0.4240491171493943
0,0,0,0.0,4.194938153589597
0,0,0,0.0,7.591183807745107
0,0,0,0.0,0.0
0,0,0,0.0,0.0
0,0,0,0.0,3.311807673759052
0,0,0,0.0,4.254740632437514
0,0,0,0.0,0.0
0,0,0,0.0,10.304371844186761
0,0,0,0.0,18.475483771640977
0,0,0,0.0,120.04748701471333
0,0,0,0.0,5.341969244128862
0,0,0,0.0,1.8714657629033837
0,0,0,0.0,0.0
0,0,0,0.0,2.9723895033720567
0,0,0,0.0,18.09508686871
0,0,0,0.0,0.0
0,0,0,0.0,29.54644937482044
0,0,0,0.0,4.8087632511819365
0,0,0,0.0,5.822621944827926
1,0,0,35.49701230479384,1.9006642082591618
0,0,0,0.0,0.0
0,0,0,0.0,2.166559392028528
1,0,0,22.094046489839332,0.0
1,0,0,184.03807270629167,131.35532893254617
0,0,0,0.0,4.558951112077164
0,0,0,0.0,0.0
1,0,0,85.40286843851038,65.46860545913519
0,0,0,0.0,0.0
0,0,0,0.0,12.554536033885247
0,0,0,0.0,35.70217386657359
0,0,0,0.0,9.984792096330347
0,0,0,0.0,0.0
1,1,1,484.8801156254902,400.2478022233463
0,0,0,0.0,15.717140458579172
0,0,0,0.0,7.286741419739258
1,1,1,220.26173883085167,184.98641136141066
0,0,0,0.0,0.0
0,0,0,0.0,6.624820890431156
0,0,0,0.0,4.0620230458210465
0,0,0,0.0,10.947034696667268
0,0,0,0.0,49.61559899607046
0,0,0,0.0,8.176067569116626
0,0,0,0.0,3.3619018643451604
0,0,0,0.0,0.0
0,0,0,0.0,0.0
0,0,0,0.0,4.383761023877543
0,0,0,0.0,4.210251373600439
0,0,0,0.0,0.0
0,0,0,0.0,1.8079539660217279
0,0,0,0.0,37.45212268935388
0,1,1,0.0,0.0
0,0,0,0.0,0.0
0,0,0,0.0,3.0237460346971723
1,1,1,72.88899281646002,27.621728765871023
0,1,0,0.0,0.0
1,1,0,38.30074085128278,2.807190000020274
0,0,0,0.0,7.741630433170034
1,1,0,258.2747757957689,197.08773301194037
0,0,0,0.0,3.439403937307226
1,0,0,34.818681701030506,0.0
1,0,0,130.54978589341692,92.15349310358035
0,0,0,0.0,0.0
0,0,0,0.0,0.0
0,0,0,0.0,0.0
0,0,0,0.0,0.0
1,0,1,140.03878365717287,93.03450041959971
1,0,0,37.64775159730307,38.111740229202
0,0,0,0.0,0.0
0,0,0,0.0,3.9777132282257845
1,0,0,148.2129737581638,90.22170427709685
1,0,0,135.75077835602818,82.61274878399061
0,0,0,0.0,8.175500269231694
0,0,0,0.0,0.0
0,0,0,0.0,4.018350069424088
1,0,0,40.793254654413886,3.9457290101133395
0,0,0,0.0,2.4644021711006587
0,0,0,0.0,10.582022940215998
0,0,0,0.0,14.388648177017595
1,0,1,102.58912930073832,75.31390661013948
0,0,0,0.0,1.4036223945204078
0,0,0,0.0,0.0
0,0,0,0.0,0.0
0,0,0,0.0,0.976729896801956
0,0,0,0.0,9.862696756577579
0,0,0,0.0,3.3800586430354755
0,0,0,0.0,7.018636826168503
0,0,0,0.0,9.26849140257556
0,0,0,0.0,3.893810546254848
1,0,0,128.60578049813364,80.53801374309101
0,0,0,0.0,4.811292843214751
1,0,0,166.38228454757805,105.3920003746381
0,0,0,0.0,6.276823764320671
1,0,0,36.960011431723,0.0
0,0,0,0.0,3.7358486684165513
0,0,0,0.0,0.0
1,0,0,26.988939698191096,0.0
0,0,0,0.0,44.87155817984744
1,0,1,198.02517914665012,157.8507873300703
0,0,0,0.0,0.5021342546374825
0,0,0,0.0,0.0
0,0,0,0.0,10.805711002239018
0,0,0,0.0,0.0
1,0,1,128.59921831223184,90.27657570019743
0,0,0,0.0,0.0
1,0,0,34.35648648728622,10.526705051381414
0,0,0,0.0,1.8079539660217279
0,0,0,0.0,0.0
0,0,0,0.0,4.082582376217484
0,0,0,0.0,0.0
0,0,0,0.0,4.018350069424088
0,0,0,0.0,0.0
0,0,0,0.0,13.681948867362461
0,0,0,0.0,0.0
1,0,0,21.924340920472453,2.933110785188692
0,0,0,0.0,4.676648686199108
0,0,0,0.0,0.3175178645799548
0,0,0,0.0,4.970742453613504
0,0,0,0.0,37.72212076256207
0,0,0,0.0,0.0
1,0,0,113.92576109166995,61.4789360484274
0,0,0,0.0,5.28102545352915
0,0,0,0.0,0.0
1,1,1,218.744325162252,162.15172428011152
0,0,1,0.0,45.857372347084244
1,1,1,256.5801150880588,196.75815163291816
0,0,0,0.0,4.474903425786785
0,0,0,0.0,0.0
1,1,1,289.31806535586577,227.405674812945
0,0,0,0.0,4.132677306217126
0,0,0,0.0,4.34260626704117
0,0,0,0.0,3.488168977104756
0,0,0,0.0,0.0
0,1,0,0.0,0.0
1,0,0,84.22158987955127,48.375008475746114
0,0,0,0.0,0.04221170767045379
0,0,0,0.0,0.0
0,0,0,0.0,0.0
0,0,0,0.0,1.2900559373924096
0,0,0,0.0,0.3482776452092473
0,0,0,0.0,0.0
0,0,0,0.0,0.0
0,0,0,0.0,137.51658765519554
0,0,0,0.0,2.3899596645536008
0,0,0,0.0,0.0
0,0,0,0.0,7.2299386081175925
0,0,0,0.0,0.0
0,0,0,0.0,10.624877650961844
1,0,0,35.47095759235474,3.1456443021240723
0,1,0,0.0,16.615570105594077
0,0,0,0.0,0.0
1,0,0,24.483166969130632,8.792794699292205
1,0,1,105.96277306978503,78.9413256770283
1,1,1,394.59140318206266,304.5244980082926
0,0,0,0.0,0.0
0,0,0,0.0,4.0570043368822155
1,1,1,442.1564801760522,331.72207251935544
0,0,0,0.0,0.0
0,0,0,0.0,0.0
0,0,0,0.0,4.018350069424088
0,0,0,0.0,4.226728211089892
0,0,0,0.0,0.0
0,0,0,0.0,0.0
0,0,0,0.0,5.434365646352958
0,0,0,0.0,0.0
0,0,0,0.0,0.0
1,0,0,35.45655060297135,2.1409314383197504
0,0,0,0.0,2.732091261241443
1,0,0,161.01719357857323,93.80344314979705
0,0,0,0.0,61.267475990601255
1,0,1,192.58315817255368,139.89071809070427
0,0,0,0.0,0.1815878528439967
0,1,0,0.0,15.966265176036277
0,0,0,0.0,5.055041322740614
0,0,0,0.0,27.875372018521396
0,0,0,0.0,0.0
0,1,0,0.0,0.0
0,0,0,0.0,3.3883869382810197
0,0,0,0.0,2.562208932974233
0,0,0,0.0,29.4015761968654
0,0,0,0.0,0.0
0,0,0,0.0,0.721247415802214
0,0,0,0.0,2.677687115437351
0,0,0,0.0,0.0
0,0,0,0.0,0.0
0,0,0,0.0,0.0
1,0,0,22.908171335334842,46.61697763560298
0,0,0,0.0,42.804012788454
0,0,0,0.0,5.178865466098468
0,0,0,0.0,15.973895902358144
0,0,0,0.0,0.0
0,0,0,0.0,0.0
0,0,0,0.0,0.0
1,0,0,28.142795670021044,10.877476253299786
0,0,0,0.0,0.0
0,0,0,0.0,2.3235907928351445
1,0,0,172.26485716108598,122.26115352921973
0,0,0,0.0,0.0
1,0,0,70.32710891198614,51.163097102483974
0,1,0,0.0,0.0
0,0,0,0.0,0.0
1,1,1,372.8660387266298,292.55439896900833
0,0,0,0.0,1.9390330382395256
1,1,1,430.1127013301793,341.37271822095585
0,0,0,0.0,5.333299346386937
0,0,0,0.0,0.0
0,0,0,0.0,3.299493741302637
0,0,0,0.0,15.998575644742592
0,0,1,0.0,61.8220828779191
0,0,0,0.0,4.831609088783122
0,0,0,0.0,1.9624278686846388
0,0,0,0.0,0.0
0,1,1,0.0,190.5522929975086
0,0,0,0.0,55.99043851141794
0,0,0,0.0,0.0
0,0,0,0.0,0.0
0,0,0,0.0,0.0
0,0,0,0.0,0.0
1,0,1,117.6929658277772,74.11841518607737
0,0,0,0.0,17.468572695793053
0,0,0,0.0,13.254748954011255
0,0,0,0.0,0.4351041033894312
0,0,0,0.0,5.203338862514919
0,0,0,0.0,2.193770847562025
0,0,0,0.0,0.0
1,0,0,93.49345889547732,66.17508523776307
0,0,0,0.0,0.0
1,0,1,112.58111965054772,73.61813635828139
0,0,0,0.0,1.4038236728612539
0,0,0,0.0,0.0
0,0,0,0.0,4.119839066743211
0,0,0,0.0,0.0
0,0,0,0.0,0.5089506219614535
0,0,0,0.0,45.67822232006734
1,0,0,109.16238429389648,61.33808571771476
1,0,0,21.932193010616295,9.129252131794427
1,0,1,80.6246371148673,35.42191242771344
0,0,0,0.0,41.565317770570815
1,0,0,124.06137667089847,106.15860563907322
1,0,0,30.627882267357712,17.120763326135712
0,0,0,0.0,29.429638354612447
1,0,1,141.60150704969925,112.43241283875506
0,0,0,0.0,16.335806679239205
0,0,0,0.0,0.0
0,0,0,0.0,2.519626561666236
0,0,0,0.0,0.0
0,1,1,0.0,348.1933762250533
0,0,0,0.0,0.3971946735400529
0,0,0,0.0,0.0
0,0,0,0.0,0.0
0,0,0,0.0,0.0
0,0,0,0.0,0.0
0,0,0,0.0,0.0
0,0,0,0.0,0.0
0,0,0,0.0,4.8083760770244695
0,0,0,0.0,34.51177979351088
0,0,0,0.0,0.0
0,0,0,0.0,5.228898331548475
1,1,1,472.6597204466267,380.2959499945141
0,1,0,0.0,22.549843483675964
0,0,0,0.0,11.071838290707781
0,0,0,0.0,0.4515256789660711
0,0,1,0.0,118.96057200235921
0,0,0,0.0,10.425359068345754
0,0,0,0.0,4.452737855854327
0,0,0,0.0,0.5843853573888893
0,0,0,0.0,3.1090658831042965
1,1,1,413.85476632056134,330.73682175799786
0,0,0,0.0,0.0
0,0,0,0.0,0.0
0,0,0,0.0,35.46085358255169
0,0,0,0.0,7.870530476434908
0,0,0,0.0,0.0
0,0,0,0.0,3.6354826319324935
1,1,1,258.82662975865355,187.17294502007266
0,0,0,0.0,0.0
0,0,0,0.0,26.09790296331388
0,0,0,0.0,3.1174684251005296
0,0,0,0.0,7.557718881881321
1,1,1,36.86829272581479,0.0
1,0,0,33.365906756349794,0.0
0,0,0,0.0,57.9592534680169
0,0,0,0.0,1.5242332577659994
0,0,0,0.0,0.0
0,0,0,0.0,12.202333348049722
0,0,0,0.0,10.365373952245449
0,0,0,0.0,0.0
0,0,0,0.0,0.0
0,1,0,0.0,346.91861404805087
0,0,0,0.0,66.22144827976012
0,1,0,0.0,1.4594971351206851
1,0,1,95.39799937716626,46.22093992593719
0,0,0,0.0,37.5258481184521
0,0,0,0.0,8.467140230760283
0,0,0,0.0,0.0
0,0,0,0.0,2.6569811356223028
1,0,1,164.54133685294468,111.47418347980559
0,0,0,0.0,15.713421121279913
0,0,0,0.0,8.959890205188636
0,0,0,0.0,0.0
1,0,0,138.60068765348802,84.50262922898321
0,0,0,0.0,11.366284424992184
0,0,0,0.0,0.0
0,0,0,0.0,4.937518652695356
0,0,0,0.0,15.41507453895215
0,0,0,0.0,4.461799224545548
1,0,0,51.21062565612486,0.0
0,0,0,0.0,0.0
0,0,0,0.0,1.459328854569776
0,0,0,0.0,2.8809889749693376
0,0,0,0.0,4.492450644246027
0,0,0,0.0,4.030674795492658
0,0,0,0.0,10.280738753734024
0,0,0,0.0,0.0
0,0,0,0.0,11.70041675759714
0,0,0,0.0,0.0
0,0,0,0.0,6.543134171070438
1,0,0,43.61892711466996,9.006604957631112
0,0,0,0.0,10.684102479405214
0,0,0,0.0,0.0
0,0,0,0.0,0.0
1,0,0,36.29143151728586,0.0
1,1,0,195.050425438853,142.42290233675823
0,0,0,0.0,0.0
0,0,0,0.0,0.0
0,0,0,0.0,10.299353808168888
1,0,0,29.547333588479198,0.0
0,0,0,0.0,0.0
1,1,1,569.6447710613764,455.98030505629134
1,0,0,72.58256795710848,36.657994574286185
0,0,0,0.0,8.849774979383682
0,1,0,0.0,3.5480816846278316
0,0,0,0.0,1.1254376604466607
1,1,0,32.109603771176424,0.0
0,0,0,0.0,12.058827823654875
0,0,0,0.0,0.0
0,0,0,0.0,10.763597941740693
0,1,0,0.0,0.0
0,0,0,0.0,0.0
1,0,1,134.54760878604327,82.96017483579875
0,0,0,0.0,0.24098887519867063
0,0,0,0.0,13.30068558471945
0,0,1,0.0,127.49896918157421
0,0,0,0.0,0.0
0,0,0,0.0,1.687262376854516
0,0,0,0.0,0.0
0,0,0,0.0,21.015718194654827
0,0,0,0.0,0.0
0,0,1,0.0,81.27744063804928
0,0,0,0.0,13.69737595656927
0,0,0,0.0,6.433044288304949
0,0,0,0.0,4.287307078552079
0,1,0,0.0,0.0
0,0,0,0.0,1.5883238753811213
0,0,0,0.0,0.35578235927058444
0,0,0,0.0,1.0879039088990012
1,0,1,81.11297389871214,48.06731262978994
0,0,0,0.0,0.0
0,0,0,0.0,0.0
0,0,0,0.0,0.5216938911749303
0,0,0,0.0,0.0
0,0,0,0.0,13.113329301506269
0,0,0,0.0,13.893867719279706
0,0,0,0.0,0.0
1,1,1,257.4458439305314,195.50968414814648
1,0,0,50.086711908137794,12.830016201102115
0,0,0,0.0,13.745042097338072
0,0,0,0.0,3.5756736104851186
0,0,0,0.0,0.0
0,0,0,0.0,52.41208081495825
0,0,0,0.0,38.522516672963704
0,0,0,0.0,21.24164427211823
0,0,0,0.0,0.0
0,0,0,0.0,14.260710371700663
0,0,0,0.0,3.771000666956315
0,0,0,0.0,0.0
0,0,0,0.0,16.1791908631685
0,0,0,0.0,1.6158463221528727
1,0,0,114.4840190756111,68.08803700790065
0,0,1,0.0,81.86579228850427
0,0,0,0.0,0.0
1,0,1,171.20278481527882,110.97709773425592
0,0,0,0.0,0.0
0,0,0,0.0,3.7987268363842546
0,0,0,0.0,0.0
0,0,0,0.0,0.0
0,0,0,0.0,11.264914352092246
0,0,0,0.0,4.649750646406538
0,0,0,0.0,3.016518234058381
0,0,0,0.0,4.187815913513571
0,0,0,0.0,61.07886624221521
0,0,0,0.0,0.0
0,0,0,0.0,1.0397170588777094
0,0,0,0.0,13.601244510010881
0,0,0,0.0,4.018350069424088
0,0,0,0.0,0.0
0,0,0,0.0,37.7424103444105
0,0,1,0.0,54.52333671956738
0,0,0,0.0,13.571179946856981
1,0,1,88.9227948386951,55.59574557782609
0,0,0,0.0,9.81479786059553
0,0,0,0.0,1.6190586574738326
0,0,0,0.0,0.0
0,0,0,0.0,22.619511446315105
0,0,0,0.0,0.0
0,0,0,0.0,0.6371329691159211
0,0,0,0.0,0.0
0,0,0,0.0,0.0
0,0,0,0.0,0.0
0,0,0,0.0,2.8949849665425376
0,0,0,0.0,0.0
0,0,0,0.0,0.5572096277387679
0,0,0,0.0,0.0
0,0,0,0.0,7.356407695065776
1,0,0,23.329872525408977,10.021835975385335
1,1,1,325.46334363739703,265.6327341410892
0,0,0,0.0,4.498319883351957
1,1,1,328.73878467092396,232.75451234729297
0,0,0,0.0,0.0
0,0,0,0.0,1.771834392971794
0,0,0,0.0,0.0
0,0,0,0.0,7.3306639202322685
1,0,0,62.401587612753914,48.90916716421631
0,0,0,0.0,13.082241721577864
0,0,0,0.0,3.8176142965717013
0,1,1,0.0,234.62473366926358
1,0,0,34.99005054929826,1.0245643487379112
0,0,0,0.0,0.0
0,1,0,0.0,10.301437670923713
0,0,1,0.0,135.78064841383016
0,0,0,0.0,13.681948867362461
0,0,0,0.0,0.8614093704384622
0,0,0,0.0,14.975455753077231
0,0,0,0.0,17.853082224292724
0,0,0,0.0,0.0
0,0,0,0.0,0.0
0,0,0,0.0,0.0
0,0,0,0.0,4.8493906598956364
0,0,0,0.0,1.6352519954840652
0,0,0,0.0,4.018350069424088
0,0,0,0.0,39.533269459860435
0,1,0,0.0,169.14326878946994
0,0,0,0.0,2.9916723032530435
0,0,0,0.0,22.89492634876259
0,0,0,0.0,31.684300899057337
0,0,0,0.0,0.0
0,0,0,0.0,3.310617320665685
0,0,0,0.0,6.268561119976596
0,0,0,0.0,0.0
1,0,0,51.45983851540804,6.58136213548195
0,0,0,0.0,5.102974305317623
0,1,1,0.0,1055.8819226599642
0,0,0,0.0,0.0
0,0,0,0.0,0.0
0,0,0,0.0,40.496509270202935
0,0,0,0.0,0.0
0,0,0,0.0,5.408608577130035
0,0,0,0.0,0.0
0,1,0,0.0,33.02178061791086
0,0,0,0.0,0.0
0,0,0,0.0,0.0
0,0,0,0.0,0.0
0,0,0,0.0,5.1585079138084495
0,0,0,0.0,13.025500662283513
1,0,0,30.409146792737825,0.0
0,0,0,0.0,2.832049438636414
0,0,0,0.0,0.0
0,0,0,0.0,0.0
0,0,0,0.0,4.799500216270548
0,0,0,0.0,16.73313980976727
0,0,1,0.0,113.80556160470174
0,0,0,0.0,8.610714937713809
0,1,0,0.0,0.0
0,0,0,0.0,0.0
0,0,0,0.0,1.6156522950031231
0,1,0,0.0,23.525071817746564
0,0,0,0.0,40.084451552710405
1,1,1,1304.59032732799,1114.7165178122705
0,0,0,0.0,0.0
0,0,0,0.0,22.396462638790542
0,0,0,0.0,0.0
0,0,0,0.0,0.0
0,0,0,0.0,1.7098645672795243
0,0,0,0.0,6.731110223888837
0,0,0,0.0,4.198470232487249
0,1,1,0.0,159.06147221135146
1,1,1,487.4875875157589,408.1154621174445
0,0,0,0.0,0.0
0,0,0,0.0,11.297749661194915
0,0,0,0.0,0.0
0,0,0,0.0,8.340979285150464
0,0,0,0.0,0.572607544128207
0,0,0,0.0,6.65456631833673
0,0,0,0.0,0.0
1,0,0,186.7801651003201,139.06240241208678
0,0,0,0.0,2.8293284733931543
0,0,0,0.0,0.0
1,1,1,796.1750495295983,666.2491511372847
0,0,0,0.0,5.467978291185236
0,0,0,0.0,0.41856324303254056
0,0,0,0.0,0.0
1,0,0,49.513929012148715,12.824609857209786
0,0,0,0.0,3.162708988721697
0,0,0,0.0,0.0
0,0,0,0.0,38.15310050855518
0,0,0,0.0,3.6247263456424434
0,0,0,0.0,3.4254136612268127
0,0,0,0.0,0.0
0,0,0,0.0,7.763712853415363
0,0,0,0.0,36.49356358471213
1,0,0,89.45953332497726,40.44626600757413
0,0,0,0.0,0.0
0,0,0,0.0,31.510412895741222
0,0,0,0.0,0.0
0,0,0,0.0,0.0
1,0,0,101.75513090172937,90.53425553138227
0,0,0,0.0,1.8835898141284844
0,0,0,0.0,4.04036566801388
0,0,0,0.0,0.0
0,0,0,0.0,4.852352088474163
0,0,0,0.0,0.0
0,0,0,0.0,0.7283760368443772
1,1,1,379.1984753652243,296.18697341607145
0,0,0,0.0,4.018350069424088
0,0,0,0.0,0.0
0,0,0,0.0,4.199489012904458
1,0,1,196.86301397302063,140.3235378345388
1,0,0,31.996115613026397,1.8988858078577024
0,0,0,0.0,4.098200041407612
0,0,0,0.0,0.0
0,0,0,0.0,0.0
0,0,0,0.0,0.0
0,0,0,0.0,10.306390919196001
1,1,1,512.5365431577505,422.3686252370244
0,0,0,0.0,0.0
0,0,0,0.0,19.17822798723931
1,0,0,63.42756932686227,29.208359337244055
0,0,0,0.0,97.4249898718775
0,0,0,0.0,3.452076317222911
0,0,0,0.0,8.11922605470269
0,0,0,0.0,0.0
0,0,0,0.0,0.5501069494042419
0,0,0,0.0,0.0
0,0,0,0.0,41.54062468381359
0,0,0,0.0,4.908471348171826
1,0,0,31.178072790542828,41.111684378471
0,0,0,0.0,0.0
0,0,0,0.0,0.0
0,0,0,0.0,7.770877917349349
1,0,0,23.515840260220767,5.5208753263730515
1,0,0,121.87479587434657,76.82273162556514
0,0,0,0.0,61.850132318874756
0,0,0,0.0,0.0
0,0,0,0.0,7.431469233169331
1,0,0,59.06205725335869,24.79038637709986
0,0,0,0.0,0.0
0,0,0,0.0,0.0
0,0,0,0.0,0.0
1,0,1,129.2122607118915,87.65506646345102
0,0,0,0.0,0.29555429291248814
0,0,0,0.0,0.353301771609452
0,0,0,0.0,0.0
0,0,0,0.0,0.0
0,0,0,0.0,0.0
0,0,0,0.0,0.18693701799743323
0,0,0,0.0,0.0
0,0,0,0.0,64.075864148399
0,0,0,0.0,12.31770426701028
0,0,0,0.0,0.0
0,0,0,0.0,2.185631279987007
0,0,0,0.0,0.0
0,0,0,0.0,70.78428046272901
0,0,0,0.0,10.186621023556363
0,0,0,0.0,0.0
0,0,0,0.0,0.0
0,0,0,0.0,0.47539740078240555
0,0,0,0.0,0.0
1,0,0,109.99993104854933,57.901981164459414
0,0,0,0.0,12.449278697670994
1,0,1,193.898904541344,129.14070631857496
0,0,0,0.0,2.428995188494678
0,0,0,0.0,5.003321420264442
0,0,0,0.0,0.0
0,1,0,0.0,0.0
0,0,0,0.0,8.447730076347955
0,0,0,0.0,0.6058871545037086
0,0,0,0.0,3.6286312458456393
0,0,0,0.0,0.4730732702144742
0,0,0,0.0,0.0
0,0,0,0.0,2.2353345829688642
0,0,0,0.0,5.993316190390129
0,0,0,0.0,26.747556771983724
0,0,0,0.0,0.0
0,0,0,0.0,5.75996931044013
0,0,0,0.0,0.0
0,1,0,0.0,3.26335832283538
0,0,0,0.0,0.0
1,1,1,332.9586591116681,276.30128435310974
0,0,0,0.0,3.6298526415805625
0,0,0,0.0,0.0
0,0,0,0.0,9.9591691695359
1,0,0,50.813176569960575,14.234096894028376
0,0,0,0.0,3.4837013536929184
0,0,0,0.0,0.0
0,0,0,0.0,16.83448286914284
0,0,0,0.0,3.8652920906615265
0,1,0,0.0,20.08337876719733
0,0,0,0.0,17.955668817343025
0,0,0,0.0,0.0
0,0,1,0.0,63.62435556179496
0,0,0,0.0,4.018350069424088
0,0,0,0.0,3.733034029142857
0,0,0,0.0,2.8997429547075235
0,0,0,0.0,7.898093329016593
0,0,0,0.0,12.514027833306276
1,0,1,71.73478577007278,54.95166346534066
0,0,0,0.0,2.7055265459350046
0,0,0,0.0,14.043875733102201
0,0,0,0.0,0.0
0,0,0,0.0,3.829855352791384
0,0,0,0.0,0.0
0,0,0,0.0,0.0
1,0,0,27.275404565955252,0.0
0,0,0,0.0,0.0
0,0,0,0.0,0.0
1,1,0,231.44957443740887,168.15741358704793
0,0,0,0.0,0.0
0,0,0,0.0,0.0
0,0,0,0.0,1.6598979818385757
0,0,0,0.0,3.1149989536201907
0,0,0,0.0,8.62779993259268
1,0,1,177.09574830013867,123.49407579915768
1,1,1,236.4995610023875,206.47152406080048
0,0,1,0.0,35.78312418022338
1,0,0,71.14563825889579,38.966772227946514
0,0,0,0.0,23.57680933616223
0,0,0,0.0,0.0
0,0,0,0.0,4.018350069424088
0,0,0,0.0,140.7909881409335
1,0,1,105.76773096603465,70.60295323461501
0,0,0,0.0,0.860966690406336
1,0,0,30.380026957062057,0.7050856308212765
1,0,0,60.12982988155249,18.440739145432406
0,0,0,0.0,9.924748700549209
0,0,0,0.0,0.0
0,0,0,0.0,0.0
0,0,0,0.0,0.0
0,0,0,0.0,3.456173441856105
0,0,0,0.0,49.54250679775826
1,1,1,1340.3907139690014,1117.9672590920973
0,0,0,0.0,0.0
0,0,0,0.0,0.0
0,0,0,0.0,7.466146223174899
0,0,0,0.0,0.0
1,1,1,280.21648592031914,202.64933411891195
0,0,0,0.0,0.0
1,0,0,57.01089621945708,24.368567845948977
0,0,0,0.0,0.0
0,0,0,0.0,0.0
0,0,0,0.0,11.463073195483782
0,0,0,0.0,0.0
0,0,0,0.0,1.4428098195389332
0,0,1,0.0,6.8451887623922865
0,0,0,0.0,2.4500782413664943
0,0,0,0.0,0.0
0,0,0,0.0,10.177872064528739
1,0,0,42.20128620835398,2.811284046707705
0,0,0,0.0,3.06785000886617
0,0,0,0.0,0.0
0,0,0,0.0,0.0
1,1,1,275.986137017852,197.53805313132696
0,0,0,0.0,3.8199241842867444
0,0,0,0.0,3.9798872072844347
0,0,0,0.0,0.0
0,0,0,0.0,0.0
0,0,0,0.0,1.3011472175873777
0,0,0,0.0,0.0
1,0,0,131.6777258760091,81.59592418832541
0,0,0,0.0,6.7172921320717265
0,0,0,0.0,0.4552418720558471
0,0,0,0.0,17.512690955156447
0,0,0,0.0,18.31969141576495
0,0,0,0.0,1.8736961279634308
0,1,1,0.0,145.05226243558107
0,0,0,0.0,9.132037808075985
0,0,0,0.0,0.0
0,0,0,0.0,0.0
0,0,0,0.0,0.0
0,0,0,0.0,0.0
0,0,0,0.0,3.484114349356414
0,0,0,0.0,0.0
0,0,0,0.0,64.91399399684897
0,0,0,0.0,0.7212417349601665
0,0,0,0.0,41.64764611875994
0,0,0,0.0,0.0
0,0,0,0.0,8.568901820422454
0,0,1,0.0,99.88490466349384
0,0,0,0.0,27.53126218784303
0,0,0,0.0,7.271036549221559
0,1,0,0.0,0.0
0,0,0,0.0,0.0
0,0,0,0.0,4.486398933241514
0,0,0,0.0,2.870938176917786
0,0,0,0.0,28.347302768268843
0,0,0,0.0,0.0
0,0,0,0.0,0.0
0,0,0,0.0,0.0
0,0,0,0.0,0.0
0,0,0,0.0,0.0
0,0,0,0.0,1.0140151997413795
1,0,1,126.0082937873645,79.89341032592817
0,0,0,0.0,14.579448560606941
0,0,0,0.0,1.4275620975000152
0,0,1,0.0,87.14076348656452
0,0,0,0.0,4.927194120107373
0,0,0,0.0,0.0
0,0,0,0.0,0.0
0,0,0,0.0,4.501269065444195
0,0,0,0.0,0.0
1,1,0,151.25406999826907,98.66697739332976
0,0,0,0.0,0.19611785874642607
0,0,0,0.0,9.32099753526138
0,0,0,0.0,0.0
0,1,0,0.0,158.79647613813833
0,0,0,0.0,36.10697278475707
0,0,0,0.0,0.0
0,0,0,0.0,10.444228689852089
0,0,0,0.0,0.0
1,1,1,412.4824252593394,338.5487735597933
0,0,0,0.0,44.31471198530933
1,0,0,49.93295880447886,0.0
0,0,0,0.0,50.31387937199587
0,0,0,0.0,9.256368799077606
0,0,0,0.0,2.4868619577269726
0,0,1,0.0,74.35520191306267
0,0,0,0.0,0.0
0,0,0,0.0,0.0
0,0,0,0.0,4.181682130674545
0,0,0,0.0,2.5052237154656822
0,0,0,0.0,2.522801161287539
1,0,0,102.14387723598013,60.22697529243027
0,0,0,0.0,39.29733722951882
0,0,0,0.0,0.0
0,0,0,0.0,0.0
1,0,0,105.0395721546805,56.173799002967115
0,0,0,0.0,24.736101307207036
1,0,0,34.67159955619637,0.0
0,0,0,0.0,15.860360545356913
1,0,0,35.9351515278019,1.8221261685214856
1,0,1,69.88157844065879,40.06304993564525
0,0,0,0.0,0.0
0,0,0,0.0,0.0
1,1,1,252.55601942337074,194.54738274807258
0,0,0,0.0,0.5104703516253508
0,1,0,0.0,0.0
1,0,0,31.24110293150168,1.0909606522539264
0,0,0,0.0,0.0
0,0,0,0.0,0.0
0,0,1,0.0,52.26183471815823
0,0,0,0.0,3.9418210800428213
0,0,0,0.0,0.0
1,0,1,112.56749837358025,77.02748048660372
0,0,0,0.0,1.3466994455068395
0,0,0,0.0,0.0
0,0,0,0.0,0.0
0,0,0,0.0,0.0
0,0,0,0.0,0.0
0,0,0,0.0,17.62847763846952
1,0,0,33.175859008409844,9.102132440895389
0,0,0,0.0,4.838165783452293
0,0,0,0.0,26.44859917734068
1,0,0,33.2616143920671,9.907799704783015
1,1,1,249.87816803972214,183.1290821825035
0,0,0,0.0,12.099433204479803
0,0,0,0.0,5.278979525839372
0,0,0,0.0,0.0
0,0,0,0.0,110.67410688470406
0,0,0,0.0,17.296544498853997
0,0,0,0.0,3.9573264657205627
0,0,0,0.0,0.0
0,0,0,0.0,0.0
0,0,0,0.0,0.17594508657074215
0,0,0,0.0,0.3189161010434951
0,0,0,0.0,2.2732127412471286
0,0,0,0.0,0.0
0,1,0,0.0,9.610475903072372
0,0,0,0.0,3.592208588558101
0,0,0,0.0,0.0
0,0,0,0.0,85.22494346693237
0,0,0,0.0,0.0
0,0,0,0.0,1.9053971021415173
1,0,1,148.53980942264764,108.71183653176277
0,0,0,0.0,0.0
0,0,0,0.0,3.640782445503177
0,1,0,0.0,0.0
0,0,0,0.0,0.0
0,0,0,0.0,0.0
0,0,0,0.0,0.43632919564193884
0,0,0,0.0,5.267981274168438
0,0,0,0.0,0.35801272433063147
0,0,0,0.0,1.7316044009442777
0,0,0,0.0,0.0
0,0,0,0.0,4.5308735968149385
0,0,0,0.0,51.227600766402034
1,0,0,69.61427007303959,30.99486455762835
1,1,0,200.3801820807749,159.1608269773124
0,0,0,0.0,36.579376191933974
0,0,0,0.0,6.385750259698618
1,0,0,132.46128079140072,78.8957833326301
0,0,0,0.0,0.0
0,0,0,0.0,0.0
0,0,0,0.0,57.321820019063075
0,0,0,0.0,6.255076076633827
0,1,0,0.0,0.0
0,0,0,0.0,0.559259960382068
0,0,0,0.0,3.1054597433570095
0,0,0,0.0,0.9228403957727096
0,0,0,0.0,0.0
0,0,0,0.0,0.0
0,0,0,0.0,0.0
1,1,1,592.8716381523843,486.6290883111236
0,0,0,0.0,1.0343866579957535
0,0,0,0.0,0.0
0,0,0,0.0,18.313749560339428
0,0,0,0.0,2.948440797686253
0,0,0,0.0,0.0
0,0,0,0.0,0.0
0,0,0,0.0,26.61913017504215
0,0,0,0.0,64.84995699516429
0,0,0,0.0,0.3175178645799548
1,1,1,227.1677177156912,185.15724493926632
0,0,0,0.0,2.93351812960508
0,0,0,0.0,14.814955782995211
0,0,0,0.0,3.6487853999228506
1,0,0,42.23734372679781,11.801087648144545
0,0,0,0.0,0.0
0,0,0,0.0,0.0
0,1,1,0.0,156.9020924071918
0,0,0,0.0,1.9962381830698916
0,0,0,0.0,11.738126306242608
1,0,0,26.646898954616773,0.0
0,0,0,0.0,10.101380397047967
0,0,0,0.0,0.0
0,0,0,0.0,0.0
0,0,0,0.0,18.861728340744435
0,0,0,0.0,0.0
0,0,0,0.0,2.4865847872265867
0,0,0,0.0,0.0
0,0,0,0.0,0.0
1,1,1,406.15411407257506,323.28931205383964
1,1,0,279.1625244197594,209.23900192470728
1,0,0,42.19876203169636,2.665832503172499
1,1,0,54.830419846973975,9.583296627446561
0,0,0,0.0,4.918658942613661
0,0,0,0.0,1.8455370769749955
0,0,0,0.0,19.564951313579925
0,0,0,0.0,0.0
1,0,0,30.384109455301278,10.011214697302018
1,0,1,210.83604339497268,155.13074601740254
0,0,0,0.0,3.638121934465019
0,0,0,0.0,16.12892263780472
0,1,0,0.0,71.76311422656862
0,0,0,0.0,0.0
0,0,0,0.0,4.697778664395511
1,1,1,327.4104608285638,249.04466229707825
0,1,0,0.0,0.0
0,0,0,0.0,0.0
0,0,0,0.0,0.0
1,0,0,37.38765040527631,0.0
1,0,1,99.29461836004654,61.44673277439888
0,1,1,0.0,228.21668358824473
1,0,1,191.203582595581,144.59245942564854
0,0,0,0.0,5.094975362288423
0,0,0,0.0,0.0
0,0,0,0.0,0.0
1,1,0,274.17040954538965,200.90976414909525
0,0,0,0.0,6.038997622783487
0,0,0,0.0,3.562227551738882
0,0,0,0.0,10.92463166327577
0,0,0,0.0,0.0
1,0,0,82.47673981893271,70.21110484654112
0,0,0,0.0,0.0
0,0,0,0.0,0.0
0,0,0,0.0,5.468206924618649
0,0,0,0.0,6.095967983801959
0,0,0,0.0,1.3449001372909741
0,0,0,0.0,0.0
0,0,0,0.0,8.045502813955292
0,0,0,0.0,0.0
0,0,0,0.0,3.984087839021452
0,0,0,0.0,0.0
0,0,0,0.0,3.8109188531028657
0,0,0,0.0,14.694281940216706
0,0,0,0.0,0.0
1,0,1,214.23454343794253,156.60359285511305
0,0,0,0.0,0.0
0,0,0,0.0,2.7817023905867515
0,0,0,0.0,0.8718661169413551
0,0,0,0.0,48.88305183637003
0,0,0,0.0,0.0
0,0,0,0.0,0.0
0,0,1,0.0,124.20069701899227
0,0,0,0.0,4.937136779684998
0,0,0,0.0,0.0
1,0,1,79.34536022482209,46.764504755803586
0,0,0,0.0,3.6504123932750936
0,0,0,0.0,0.0
0,0,0,0.0,10.508540883626896
0,0,0,0.0,1.0812010085026706
0,0,0,0.0,27.600689820094523
0,0,0,0.0,0.44896641917021185
0,0,0,0.0,0.0
0,0,0,0.0,0.0
0,0,0,0.0,5.866383226099266
0,0,0,0.0,1.525405935043608
0,0,0,0.0,0.0
0,0,0,0.0,0.0
0,0,0,0.0,13.540933251741782
0,0,0,0.0,0.0
1,1,1,376.34888311721727,303.28649640352694
0,0,0,0.0,0.0
0,0,0,0.0,0.504886031353351
0,0,0,0.0,23.01908442670837
0,0,0,0.0,40.307855502958006
1,1,0,31.672283949935125,23.302153763117037
0,0,0,0.0,0.0
0,0,0,0.0,0.0
0,0,0,0.0,0.0
0,0,0,0.0,0.0
1,0,0,26.499395925304135,2.2007608336591353
0,0,0,0.0,5.319272967547999
0,0,0,0.0,8.94278296459882
0,0,0,0.0,2.4644021711006587
0,0,0,0.0,0.0
0,0,0,0.0,73.59317233095258
0,0,0,0.0,4.798190475310804
0,0,0,0.0,0.0
0,0,0,0.0,3.7721255432406693
0,1,0,0.0,0.0
0,0,0,0.0,0.0
1,1,1,161.19315319494012,159.8279411020407
0,0,0,0.0,0.8532241897310762
0,0,0,0.0,3.8849002268157236
0,0,0,0.0,0.0
1,1,1,253.5511026694455,203.36129730093893
0,0,0,0.0,0.0
0,0,0,0.0,2.3642144346288987
0,0,0,0.0,17.247630716165503
0,0,0,0.0,0.0
0,0,0,0.0,0.0
0,0,0,0.0,18.620096333723215
1,1,1,438.67064475876316,378.44900421785934
0,0,0,0.0,0.0
0,1,0,0.0,11.853708001363058
0,0,0,0.0,3.3968584784572045
0,0,0,0.0,14.010224242629018
0,0,0,0.0,3.9583032175103874
0,0,0,0.0,0.0
1,0,0,72.73089171101941,33.715551093360865
0,0,0,0.0,0.0
0,0,0,0.0,16.39794455367217
0,0,0,0.0,0.0
0,1,0,0.0,0.0
0,0,1,0.0,34.68638031603322
0,0,0,0.0,0.8721897780865753
0,0,0,0.0,10.70716983002417
0,0,0,0.0,0.0
0,0,0,0.0,4.915849762668589
0,0,1,0.0,7.3673633576580855
0,0,0,0.0,0.0
1,1,1,246.76531377038222,197.87989433800632
0,1,0,0.0,4.78234724133139
0,0,0,0.0,7.07597834465242
0,0,0,0.0,2.2351011898562696
0,0,0,0.0,8.988353119526838
0,0,0,0.0,0.0
0,0,0,0.0,0.0
0,0,0,0.0,6.152100013615311
0,0,0,0.0,0.0
0,0,0,0.0,3.430071368215806
0,0,0,0.0,40.02471050348815
0,0,0,0.0,21.427365813651775
0,0,0,0.0,0.0
1,0,0,36.17046872822666,36.99035705009156
0,0,0,0.0,3.448737990446709
0,0,0,0.0,9.531716436540203
0,0,0,0.0,10.438779631562403
0,0,1,0.0,114.27089324806839
0,0,0,0.0,0.0
0,0,0,0.0,0.0
1,0,0,32.716490145181936,0.0
1,1,0,254.99665020633503,188.0784421718938
0,0,0,0.0,0.0
1,0,0,30.5268775307298,11.887413629736466
0,0,0,0.0,0.0
0,0,0,0.0,5.319272967547999
0,0,0,0.0,2.6615473599747013
0,0,0,0.0,0.0
0,0,0,0.0,0.0
0,0,0,0.0,0.0
0,0,0,0.0,3.774088655320881
0,0,0,0.0,5.142774838075464
0,0,0,0.0,1.4158149627039158
0,0,0,0.0,0.0
0,0,0,0.0,1.4495837637434512
0,0,0,0.0,0.0
0,0,0,0.0,4.851530694366588
1,1,1,245.83691571835732,180.50397641080113
0,0,0,0.0,0.0
0,1,0,0.0,13.506535705742763
0,0,0,0.0,0.0
0,0,0,0.0,8.406346249609989
0,1,0,0.0,0.0
0,0,0,0.0,0.0
1,1,0,29.120570937838316,25.772577199251458
0,0,0,0.0,0.0
0,0,0,0.0,0.0
0,0,0,0.0,0.0
0,0,0,0.0,0.0
0,0,0,0.0,0.19520152059835993
0,0,0,0.0,22.9170908997539
0,0,0,0.0,1.6026726340224542
0,0,0,0.0,0.0
0,0,0,0.0,5.319272967547999
0,0,0,0.0,0.0
0,0,0,0.0,0.0
1,0,0,117.31573315089702,85.17986671346367
0,0,0,0.0,0.0
0,0,0,0.0,0.0
0,0,0,0.0,12.044455897201102
0,0,0,0.0,4.018350069424088
0,0,0,0.0,0.0
0,0,0,0.0,30.201601743901655
0,0,0,0.0,1.8586866074819248
0,0,0,0.0,3.64864642351176
0,1,0,0.0,308.5147344886228
0,1,0,0.0,1.5482066161703116
0,0,0,0.0,0.0
0,0,0,0.0,7.382232311920575
0,0,0,0.0,0.0
0,0,0,0.0,0.4293989926284496
0,0,0,0.0,1.8260469962381336
0,0,0,0.0,0.0
0,0,0,0.0,0.0
0,0,0,0.0,8.41248252942049
0,0,0,0.0,3.980085574733451
1,0,0,74.28843568486788,29.977247582249454
1,0,1,165.24396018806524,118.86480724293094
0,0,0,0.0,0.0
0,0,0,0.0,2.8216985739224896
0,0,0,0.0,0.0
1,0,0,21.537676851425903,0.7746034569315796
0,1,0,0.0,0.2349498263414489
0,0,0,0.0,9.832925142526824
0,0,0,0.0,3.692320985302594
0,0,0,0.0,21.808001895523407
0,1,0,0.0,0.0
0,0,0,0.0,11.883708817505713
0,0,0,0.0,17.52679487705922
0,0,0,0.0,0.0
0,0,0,0.0,3.3054486342505065
0,0,0,0.0,16.765786634940348
1,0,1,151.68852517271768,75.58838654249274
0,0,0,0.0,0.0
1,0,0,88.18684665470161,44.249925709556656
0,0,0,0.0,4.023996669396723
1,1,1,487.03086517090196,383.9085589757418
0,0,0,0.0,13.197037432271673
0,0,0,0.0,0.0
1,0,1,114.63323039734317,111.12913445677133
0,0,0,0.0,0.0
0,0,0,0.0,0.0
0,0,0,0.0,7.296201570069833
0,0,0,0.0,6.568403671627376
0,0,0,0.0,0.8607380692425544
1,0,0,23.880298666188718,0.0
0,0,0,0.0,11.827794965663834
1,0,0,58.465340671052836,74.37708554271259
0,0,0,0.0,22.365114880159666
0,0,0,0.0,0.0
0,0,0,0.0,31.439126798647173
0,0,0,0.0,36.670004661168505
0,0,1,0.0,116.27166581104318
1,0,0,61.559042468073486,25.158516844828977
0,0,0,0.0,0.8862408696478212
0,0,0,0.0,6.664193219165181
0,0,0,0.0,0.0
0,0,0,0.0,0.0
0,0,0,0.0,0.0
0,0,0,0.0,0.0
0,0,0,0.0,0.0
0,0,0,0.0,0.0
0,0,0,0.0,0.4983136426699879
0,0,0,0.0,0.0
1,1,1,667.3868781201804,586.9271990088483
0,0,0,0.0,0.0
0,0,0,0.0,0.9104542727772298
0,0,0,0.0,0.0
0,0,0,0.0,0.0
0,0,0,0.0,2.0599508465562906
0,0,0,0.0,0.0
0,0,0,0.0,0.7170817583404698
0,0,0,0.0,0.0
0,0,0,0.0,0.0
0,0,0,0.0,2.649265821234092
0,0,0,0.0,0.0
0,0,0,0.0,3.7781664680082834
0,0,0,0.0,0.0
0,0,0,0.0,0.0
0,0,0,0.0,0.0
0,0,0,0.0,0.0
1,1,1,239.50937489659827,205.88605143032677
0,0,0,0.0,42.27991853638254
0,0,0,0.0,0.0
0,0,0,0.0,4.625559154447096
0,0,0,0.0,4.647910106093793
0,0,0,0.0,0.0
0,0,0,0.0,0.1305415528823488
0,0,0,0.0,5.288600970233521
0,0,0,0.0,0.0
0,0,0,0.0,7.756844308493708
0,0,0,0.0,9.759103247125351
0,0,0,0.0,0.0
0,0,0,0.0,3.1453619805441733
0,0,0,0.0,0.48755492558426994
1,1,1,285.51239208716396,210.72689524474183
0,0,0,0.0,0.0
0,0,0,0.0,0.0
1,0,0,139.57296060370015,92.21687319005825
0,0,0,0.0,0.0
0,0,0,0.0,76.75120524837666
0,0,0,0.0,4.021571625329173
0,0,0,0.0,33.72316063441344
0,0,0,0.0,13.6586129293281
0,0,0,0.0,0.0
1,1,1,220.83081897267087,171.28060309826506
0,0,0,0.0,0.0
0,0,0,0.0,0.0
0,0,0,0.0,0.0
0,0,0,0.0,0.0
0,0,0,0.0,0.0
0,0,0,0.0,0.0
0,0,0,0.0,0.0
0,0,0,0.0,0.0
1,1,0,28.769687559350256,0.0
0,0,0,0.0,28.10065241856301
1,1,1,268.7860416671565,196.92209458290495
0,0,0,0.0,0.0
0,0,0,0.0,0.0
0,0,0,0.0,2.3108991976678013
0,0,0,0.0,0.0
0,0,0,0.0,7.360132313260507
0,0,0,0.0,0.0
1,1,1,228.173316648924,178.7061152667965
0,0,0,0.0,0.0
0,0,0,0.0,0.0
0,0,0,0.0,0.0
0,0,0,0.0,13.782071353551702
0,0,0,0.0,0.0
1,1,1,444.4219236520117,345.48227130329576
0,0,0,0.0,4.660536892827448
0,0,0,0.0,0.0
0,0,0,0.0,9.510807817280359
0,0,0,0.0,0.0
0,0,0,0.0,0.0
0,0,0,0.0,0.0
0,0,0,0.0,0.0
0,0,0,0.0,0.0
0,0,0,0.0,0.0
0,0,0,0.0,3.9035565853521703
1,0,0,167.47335587750752,106.44803804818484
0,0,0,0.0,5.742253671746418
0,0,0,0.0,0.0
1,1,1,387.7160699260072,321.2167091305963
0,0,0,0.0,4.410104184730631
0,0,0,0.0,0.0
0,0,0,0.0,0.0
1,0,1,196.63206310151324,143.7381324522931
0,0,0,0.0,0.0
0,0,0,0.0,2.3417120508809646
0,0,0,0.0,24.823155436958977
0,0,0,0.0,4.633500889948362
0,0,0,0.0,4.598918476836989
0,0,0,0.0,0.0
0,0,0,0.0,3.358837211903076
0,0,0,0.0,4.015154606048231
1,0,1,145.52004311708873,90.3266683446786
0,0,1,0.0,87.5058163115545
1,1,0,68.37393203958194,0.0
0,0,0,0.0,14.741025569692992
1,0,0,39.19568866216763,6.2449914828444015
0,0,0,0.0,4.579296805201274
1,1,1,266.91949079547356,193.77578417950696
0,0,0,0.0,1.4282839499723394
0,0,0,0.0,131.8228868739645
0,0,0,0.0,0.0
0,0,0,0.0,10.353115453482529
0,0,0,0.0,0.0
0,0,0,0.0,0.0
0,0,0,0.0,0.0
0,0,0,0.0,4.942329897008779
0,0,0,0.0,0.5041412232473128
1,1,1,261.00557439044445,190.14668160247342
0,0,0,0.0,0.0
0,0,0,0.0,0.0
0,0,0,0.0,0.0
0,0,0,0.0,0.0
1,1,1,262.8344038236992,208.00024908744024
0,0,0,0.0,2.716698382207703
1,0,0,91.5307760353984,54.82085762371752
1,0,0,96.53075372561631,56.25570997245259
0,0,0,0.0,0.0
0,0,0,0.0,0.0
0,0,0,0.0,3.7198260327778208
0,0,0,0.0,0.0
0,0,0,0.0,0.0
0,0,0,0.0,2.6232256495535218
0,0,0,0.0,2.1729732399423014
0,0,0,0.0,0.0
0,0,0,0.0,1.3310221131893094
0,1,0,0.0,0.0
1,0,0,135.7184483290499,76.66985456383263
0,0,0,0.0,13.068609375382591
1,0,0,69.88707052252975,32.553486200672324
0,0,0,0.0,0.0
1,1,0,81.79352157384713,28.759043397057297
0,0,0,0.0,1.9829902460220552
0,0,0,0.0,0.1550404340132232
0,0,0,0.0,0.0
0,0,0,0.0,0.0
0,0,0,0.0,4.993717252782748
0,0,0,0.0,21.075832129361224
0,0,0,0.0,1.6110164902555582
0,0,0,0.0,112.64194775468985
0,0,0,0.0,0.8721897780865753
0,0,0,0.0,0.0
1,0,1,112.57060470550785,72.74549295586301
0,0,0,0.0,0.0
0,0,0,0.0,0.0
0,1,0,0.0,161.4114986584562
0,0,0,0.0,0.0
0,0,0,0.0,51.01451665217057
0,0,0,0.0,12.145972291949827
0,1,0,0.0,139.20499670106977
0,0,0,0.0,2.47640922396765
1,1,0,277.750156176711,235.45708402290742
0,0,0,0.0,8.176924597820495
0,0,0,0.0,3.010673860857363
0,0,0,0.0,22.73708086967872
0,0,0,0.0,0.0
0,0,0,0.0,0.0
0,0,0,0.0,4.018350069424088
0,0,0,0.0,12.457922387496481
0,0,0,0.0,0.0
0,0,0,0.0,24.901974749909876
0,0,0,0.0,135.49207736984357
1,1,1,257.52022557641914,190.5477686841827
0,0,0,0.0,7.980914783972253
0,0,0,0.0,0.0
0,0,0,0.0,5.829140079544629
0,0,0,0.0,75.99352613754658
0,0,0,0.0,1.1702215865388155
0,0,0,0.0,9.145196479322763
0,0,0,0.0,0.0
0,0,0,0.0,8.774465341905351
0,0,0,0.0,0.511714919185362
0,0,0,0.0,17.577085179656653
0,0,0,0.0,0.3175178645799548
0,0,0,0.0,48.77119650084801
0,0,0,0.0,1.1112048700563477
0,0,0,0.0,0.0
0,0,0,0.0,0.1326592794367265
0,0,0,0.0,0.0
0,0,0,0.0,5.564276749343048
0,0,0,0.0,0.0
0,1,1,0.0,171.88720267189777
0,0,0,0.0,3.6765492538342563
0,0,0,0.0,0.0
0,0,0,0.0,28.799476379581048
0,0,0,0.0,0.0
0,0,0,0.0,32.512293499593866
0,0,0,0.0,9.84821692552354
0,0,0,0.0,0.0
0,0,0,0.0,0.0
0,0,0,0.0,8.366832858951948
0,0,0,0.0,0.0
1,0,0,77.09906916707114,56.032698146952285
0,0,0,0.0,0.0
0,0,1,0.0,113.90282299906697
0,0,0,0.0,0.0
0,0,0,0.0,0.0
1,0,0,60.110797490201065,51.25989614588517
0,0,0,0.0,3.252126982515211
0,0,0,0.0,0.0
0,0,0,0.0,11.65244082747295
1,0,0,70.63090414403727,104.2766324765431
0,0,0,0.0,0.0
1,0,0,124.49003448370122,83.81222209139814
0,0,0,0.0,0.0
0,0,0,0.0,0.0
0,0,0,0.0,18.96925734619803
1,1,1,264.3137400401775,201.4378438183844
0,0,0,0.0,0.0
0,0,0,0.0,0.0
0,0,0,0.0,0.0
0,0,0,0.0,0.0
0,0,0,0.0,0.0
0,0,0,0.0,50.94495489860472
0,1,1,0.0,164.21816889889783
0,0,0,0.0,0.0
0,0,0,0.0,77.7221031677451
0,0,0,0.0,0.0
0,0,0,0.0,0.0
0,0,0,0.0,0.0
0,0,0,0.0,0.0
0,0,0,0.0,0.0
0,0,0,0.0,0.23739427848256156
0,0,0,0.0,0.0
0,0,0,0.0,0.0
0,0,0,0.0,4.628028351072398
0,0,0,0.0,36.86290840586023
0,0,0,0.0,0.0
0,0,0,0.0,5.284390767254134
0,0,0,0.0,0.0
0,0,0,0.0,0.0
1,1,0,102.12832563521523,27.118482067152218
0,0,0,0.0,15.064406837005581
0,0,0,0.0,21.173762833907432
0,0,0,0.0,0.0
0,1,1,0.0,84.79662937253532
1,0,0,45.54282411970454,5.138765622724847
1,0,0,29.867971215205365,0.0
1,0,0,28.41795775152599,2.625063540855308
0,0,0,0.0,29.758545882416634
0,0,0,0.0,2.6052766291704508
0,0,0,0.0,1.0000782057598592
0,0,0,0.0,0.0
1,1,1,283.8915784791195,226.94306727138803
0,0,1,0.0,65.21304012757084
1,0,0,33.60836032021618,3.1996217436582803
0,0,0,0.0,0.0
0,0,0,0.0,0.0
0,0,0,0.0,0.0
0,0,0,0.0,0.0
1,0,0,96.74011083698038,37.384199102430046
0,1,0,0.0,0.0
0,0,0,0.0,19.302342712500636
0,0,0,0.0,9.72905134308319
0,0,0,0.0,0.0
0,0,0,0.0,8.5098405051856
0,0,0,0.0,34.81543936572582
0,0,0,0.0,5.232183234493235
1,0,0,34.87598814891215,2.7524533553569057
0,0,0,0.0,1.2107592419689368
0,0,0,0.0,0.0
1,0,0,45.02555801358066,14.71900759220918
0,0,0,0.0,3.348884671845532
0,0,0,0.0,4.429809558221635
0,0,0,0.0,0.0
0,0,0,0.0,0.5150794540991015
1,0,1,144.79792823814074,113.23384792096093
0,0,0,0.0,0.08276165038773087
1,0,0,23.82825564060039,0.0
0,0,0,0.0,0.0
0,0,0,0.0,0.0
0,0,0,0.0,0.0
1,1,1,209.7054431349833,174.50616744120458
1,0,0,38.63481925616703,6.528175693076477
0,0,0,0.0,3.976347650086339
0,0,0,0.0,2.4644021711006587
0,0,0,0.0,0.2842676952758616
0,0,0,0.0,0.0
1,0,1,186.27631775985864,133.56194206926054
0,0,0,0.0,15.71682828749321
0,0,0,0.0,2.9802888006640273
0,0,0,0.0,4.738890787128128
0,0,0,0.0,30.32118851928434
0,0,0,0.0,0.0
0,0,0,0.0,0.0
0,0,0,0.0,0.0
1,0,0,86.78455693490655,68.46774462019533
0,0,0,0.0,5.8564659808441775
0,0,0,0.0,3.942665942936184
0,0,0,0.0,2.9152913940551244
1,0,1,108.24267773255788,80.88582104478581
0,0,0,0.0,3.704852777848469
0,0,0,0.0,87.88637805360126
0,0,0,0.0,24.171521846063257
0,0,0,0.0,5.043278335166622
0,0,0,0.0,2.597561707466827
0,0,0,0.0,4.316228528324817
0,0,0,0.0,19.665618567413514
0,1,0,0.0,12.217227373845741
0,0,0,0.0,0.0
0,0,0,0.0,0.0
0,0,0,0.0,3.6062872532292545
0,0,0,0.0,0.0
0,0,0,0.0,0.0
0,0,0,0.0,2.3709879395313997
0,0,0,0.0,1.1270314071375473
0,0,0,0.0,8.39661294830745
0,0,0,0.0,0.24923511826715838
0,0,0,0.0,0.0
1,0,0,22.605442156129357,0.0
1,1,1,332.16044428116624,263.9917567051846
0,0,0,0.0,0.0
0,0,0,0.0,7.721121208245808
0,0,0,0.0,0.0
0,0,0,0.0,0.0
0,0,0,0.0,0.0
1,0,0,26.960890064527838,4.6511750244175865
1,1,1,354.1213038826775,285.7115200529391
0,0,0,0.0,0.0
0,0,0,0.0,0.0
0,0,0,0.0,0.0
0,0,0,0.0,0.0
0,0,1,0.0,40.57273022065921
0,0,0,0.0,19.474314830003884
0,0,0,0.0,0.0
0,0,0,0.0,0.4509636528649352
0,0,0,0.0,10.35602021660813
0,0,0,0.0,0.0
0,0,0,0.0,0.0
0,1,1,0.0,39.292211486778754
0,0,0,0.0,0.0
0,0,0,0.0,10.489736327545543
0,0,0,0.0,4.018350069424088
0,0,0,0.0,1.8302768827304519
0,0,0,0.0,0.0
0,0,0,0.0,11.628543715402579
0,0,0,0.0,0.0
0,0,0,0.0,14.62378422497835
0,0,0,0.0,0.0
0,0,0,0.0,4.703614190643428
1,0,0,140.46498387724736,85.17876674608334
0,0,0,0.0,0.0
0,0,0,0.0,0.0
0,0,0,0.0,0.0
0,0,0,0.0,0.0
0,0,0,0.0,0.0
0,0,0,0.0,2.577628932222055
0,0,0,0.0,0.0
0,0,0,0.0,0.8523413496296008
0,0,0,0.0,2.5901414076478098
0,0,0,0.0,3.15453023723218
1,1,1,274.5878084719084,226.9839740242577
0,0,0,0.0,1.0489150459727554
0,0,0,0.0,0.0
1,0,0,68.08724200634828,22.144146892187038
0,0,0,0.0,0.0
1,0,1,201.8253606359027,152.4011653478469
0,0,0,0.0,0.0
0,0,0,0.0,8.25721306019599
0,0,0,0.0,0.0
0,0,0,0.0,19.660516810964353
0,0,0,0.0,1.2055527293208463
0,0,0,0.0,31.871047280563275
0,0,0,0.0,10.654916404654982
0,0,0,0.0,3.4162374601262933
0,0,0,0.0,5.211544629927445
0,0,0,0.0,0.25899902106877093
0,0,0,0.0,1.031668945007823
1,0,0,35.1944517347032,2.840080031178239
0,0,0,0.0,7.459742507581677
0,0,0,0.0,32.83143058975854
0,0,0,0.0,8.072642707103384
0,0,0,0.0,1.735015853637961
0,0,0,0.0,0.0
0,0,0,0.0,4.6083412086961815
0,0,0,0.0,11.471552763960082
0,0,0,0.0,7.929247415181909
0,0,0,0.0,0.0
0,0,0,0.0,0.0
0,1,0,0.0,32.74725835060099
1,0,0,127.90939719527233,86.70465863523769
0,0,0,0.0,14.437873773150462
0,0,0,0.0,3.889417058343959
1,0,0,95.6111904408804,39.14216835605878
1,0,0,41.927898774345614,20.41980965098056
0,1,0,0.0,186.78851389567734
0,0,0,0.0,0.0
0,0,0,0.0,6.599418170765958
0,0,0,0.0,0.0
0,0,0,0.0,0.0
0,0,0,0.0,44.02266619795884
0,0,0,0.0,3.8889462426717323
1,1,0,40.786541066327516,0.0
0,0,0,0.0,4.018350069424088
0,0,0,0.0,11.67902748609538
0,0,0,0.0,0.0
0,0,0,0.0,0.0
0,0,0,0.0,0.0
0,0,0,0.0,7.737093422689011
0,0,0,0.0,3.143246659010604
1,0,1,125.45461945561145,81.5309105257576
0,0,0,0.0,0.0
0,0,0,0.0,0.0
0,0,0,0.0,33.71532368303047
0,0,0,0.0,0.0
1,0,0,96.77601509997244,48.17138360531227
0,1,0,0.0,213.30011668440994
0,0,0,0.0,4.803661242478906
0,0,0,0.0,9.426447436220624
0,0,0,0.0,4.018350069424088
0,0,0,0.0,6.36882374854423
0,0,0,0.0,0.0
0,0,0,0.0,1.2831976511633059
0,0,0,0.0,2.394216994438061
0,1,1,0.0,236.72973270250225
0,0,0,0.0,0.0
0,0,0,0.0,0.0
1,1,1,1378.987567864244,1173.881159443124
0,0,0,0.0,0.0
1,0,0,133.49416791715845,67.1774141441804
0,0,0,0.0,71.44940439306924
0,0,0,0.0,0.9104542727772298
0,0,0,0.0,0.0
0,0,0,0.0,0.617000690630217
1,1,1,430.15801048510514,353.70880187326065
0,1,0,0.0,0.0
0,0,0,0.0,13.332493793001468
1,1,0,261.2104766346825,212.35441249706645
1,1,1,303.32670743667114,244.11613336287004
0,0,0,0.0,122.74601551522267
0,0,0,0.0,13.942562972345529
0,0,0,0.0,28.314673957325148
0,0,0,0.0,0.0
0,0,0,0.0,1.6002102850208288
0,0,0,0.0,2.874089505087337
0,0,0,0.0,0.0
1,0,0,200.72252941706864,149.28321722113986
0,0,0,0.0,14.165813318171303
0,0,0,0.0,0.0
0,0,0,0.0,0.7462005180769182
0,0,0,0.0,4.864740291520583
0,0,0,0.0,9.151332800373705
1,1,0,69.1202993582565,6.821390005764929
0,0,0,0.0,2.113805856974686
0,0,0,0.0,3.583335346618629
0,0,0,0.0,49.252215672402286
0,0,0,0.0,1.7253704279847675
0,0,0,0.0,0.7480708905973437
1,0,0,46.145224112040125,4.711505360555542
0,0,0,0.0,3.980085574733451
0,0,0,0.0,40.838056400451975
0,0,0,0.0,0.723598935562503
0,0,0,0.0,0.0
0,0,0,0.0,1.0443959412313006
1,1,1,342.9914189128957,278.1621466105303
0,0,0,0.0,4.379360427522748
0,0,0,0.0,0.0
1,0,0,29.065641779193207,9.97464736355581
0,0,0,0.0,0.0
1,1,1,268.667186401086,169.56050825546777
0,0,0,0.0,3.800406938801597
0,0,0,0.0,16.13769530348916
1,0,1,133.6432963585595,94.36841671746801
0,0,0,0.0,0.0
0,0,0,0.0,37.077874003135655
0,0,0,0.0,16.23964239699117
1,1,1,233.57532732161735,176.0753401626939
0,0,0,0.0,9.167909186362525
1,0,0,71.61575702029323,22.772179851206616
0,0,0,0.0,5.554581555689257
0,0,0,0.0,16.23887499407716
0,0,0,0.0,20.41931631764457
0,0,0,0.0,4.897960724200868
0,0,0,0.0,28.533946206217674
0,0,0,0.0,2.1831421404420333
0,0,0,0.0,4.808191667819877
1,0,1,117.76522270032166,112.03363148336076
1,0,0,32.539178781448115,0.0
0,0,0,0.0,2.059123445356942
0,0,0,0.0,0.0
0,0,0,0.0,0.0
0,0,0,0.0,0.9300732007264436
0,0,0,0.0,40.45596493950874
0,0,0,0.0,11.619190159814181
0,0,0,0.0,0.0
0,0,0,0.0,0.0
1,1,1,477.44935500788665,383.5307017684929
0,0,0,0.0,1.4668976960187905
0,0,0,0.0,0.0
0,0,0,0.0,0.0
1,0,0,33.92900079325416,0.0
0,0,0,0.0,7.276596731584199
0,0,0,0.0,8.467749382362257
1,1,1,238.2766376787434,192.90506109691344
0,0,0,0.0,5.308540791464459
0,0,0,0.0,3.348613839273799
0,0,0,0.0,0.0
0,0,0,0.0,9.758611816543564
1,0,1,211.37929283336751,142.30575497720878
0,0,0,0.0,0.0
0,0,0,0.0,0.0
0,0,0,0.0,16.57632070882142
0,0,0,0.0,0.0
0,0,0,0.0,2.2061415058788967
0,0,0,0.0,6.0489465032629965
0,0,0,0.0,130.52854374060482
1,0,0,32.54362511614967,0.0
1,1,1,273.80514808136945,224.96520290593855
1,0,0,46.6331074177799,3.2468255779161943
0,0,0,0.0,0.0
1,0,0,91.70958485584029,56.03389238464307
0,0,0,0.0,0.0
0,0,0,0.0,0.0
1,1,0,79.64675847844295,9.443709921468184
1,0,0,30.85208111187744,0.2169089432457234
0,0,0,0.0,0.0
0,0,0,0.0,9.327540004159381
0,0,0,0.0,2.5805198293079883
0,0,0,0.0,0.0
0,0,0,0.0,5.754735574785819
0,0,0,0.0,25.678865262884344
0,0,0,0.0,0.0
0,0,0,0.0,0.0
0,0,0,0.0,3.796044695651844
0,0,0,0.0,0.0
0,0,0,0.0,0.0
0,0,0,0.0,1.3793681259487833
0,0,0,0.0,0.0
0,0,0,0.0,4.25368261116466
0,0,0,0.0,0.0
0,0,0,0.0,0.0
0,0,0,0.0,0.0
0,0,0,0.0,2.6229009666135035
0,0,0,0.0,5.662677733710428
1,0,0,38.17503440184564,0.0
0,0,0,0.0,3.7173638134209845
1,0,0,215.0199650422762,139.82736043152892
0,0,0,0.0,0.0
1,0,1,125.1572945509279,85.92458370785815
0,0,0,0.0,0.0
0,0,0,0.0,4.9700396327838945
0,1,1,0.0,291.95818806264595
0,0,0,0.0,63.62121405618106
0,0,0,0.0,0.829749069780501
1,1,0,64.17227961883098,35.162224706892744
0,0,0,0.0,0.0
0,0,0,0.0,23.12749493171741
0,0,0,0.0,3.727027267414435
0,0,0,0.0,0.0
0,0,0,0.0,4.020409322726184
0,1,0,0.0,0.0
0,0,0,0.0,3.980085574733451
0,0,0,0.0,0.0
0,1,1,0.0,275.4513465340707
0,0,0,0.0,0.0
0,0,0,0.0,3.8296154091946413
0,0,1,0.0,90.0720290437112
0,0,0,0.0,0.7956607887053089
0,0,0,0.0,0.0
1,1,0,33.594766553325336,0.0
0,0,0,0.0,0.0
1,1,1,356.7981740240506,320.54399249319175
0,0,0,0.0,0.0
1,1,1,116.37332078221111,49.147807869914566
0,0,0,0.0,0.0
1,0,0,89.18952745266444,43.86766106439714
0,0,0,0.0,0.7622588945121045
0,0,0,0.0,0.0
1,1,1,537.9324511855598,457.14852557715886
1,0,1,175.34044019433117,114.79851495763047
1,0,1,103.73854359223,75.73876499018681
0,0,0,0.0,0.20742799444048288
0,0,0,0.0,0.42299697228285993
0,0,0,0.0,0.0
0,0,0,0.0,0.3175178645799548
0,0,0,0.0,3.5953693652257
0,0,0,0.0,0.13428615802213173
0,1,0,0.0,181.87266119230037
1,0,0,130.7938956607748,71.90482395003694
0,0,0,0.0,44.578292191166646
0,0,0,0.0,9.064160988712878
0,0,0,0.0,22.30995839854597
0,0,0,0.0,0.0
0,0,0,0.0,4.531186771066913
0,0,0,0.0,4.431294751082607
0,0,0,0.0,1.200904289451703
0,0,0,0.0,0.4782979400395426
0,0,0,0.0,4.577638396969817
1,0,1,40.6914764699883,42.237905798785675
1,0,0,26.28764707150976,0.591949849006042
0,0,0,0.0,2.8559033701816716
0,0,0,0.0,15.513052045988452
1,1,1,335.56779359385894,267.9783163207298
0,0,0,0.0,18.475483771640977
0,0,0,0.0,0.0
0,0,0,0.0,5.980933554050036
0,0,0,0.0,0.6052644813475752
0,0,0,0.0,0.0
0,0,0,0.0,0.0
0,0,0,0.0,0.0
0,0,0,0.0,9.894245789876647
0,0,0,0.0,6.163023927432686
1,0,1,69.65022393876504,27.10073966996956
0,0,0,0.0,0.0
1,0,1,95.73382738379003,67.0760327055141
0,0,0,0.0,0.0
0,0,0,0.0,0.0
0,0,0,0.0,2.036825624432609
0,0,0,0.0,4.915849762668589
0,0,0,0.0,0.0
1,1,1,344.36958167532674,288.8781398447507
0,0,0,0.0,0.0
0,0,0,0.0,0.0
0,0,0,0.0,4.239280803659888
0,0,0,0.0,4.018350069424088
0,0,0,0.0,0.0
1,1,1,473.01361323601316,356.2186040938724
1,0,0,148.77558008435392,110.90216088676472
0,0,0,0.0,0.2792533698893003
0,0,0,0.0,25.491760116284414
0,0,0,0.0,0.0
0,0,0,0.0,0.0
0,0,0,0.0,0.0
0,0,0,0.0,0.8625151863313505
1,0,0,28.321076503549357,11.332437977690537
0,0,0,0.0,0.0
1,0,1,106.96575347326409,66.08168803296246
0,0,0,0.0,0.0
0,0,0,0.0,0.0
0,0,0,0.0,0.06814222185064978
0,0,0,0.0,17.074806774267632
0,0,0,0.0,19.361560405515522
0,0,0,0.0,2.8101647171232607
1,0,0,36.90045677073726,2.237161219508362
0,0,0,0.0,2.323124099418621
0,0,0,0.0,0.4687671624339913
1,0,0,38.06139128994323,0.0
1,0,0,29.155891384049944,10.778636955122442
0,0,0,0.0,5.290294588648258
0,0,0,0.0,0.6528515127031937
1,0,0,64.66904286535348,31.974707245580035
0,0,0,0.0,0.0
0,0,0,0.0,0.0
0,0,0,0.0,0.3275509602491411
0,0,0,0.0,4.324578158813473
0,0,0,0.0,2.2482023902787915
0,0,0,0.0,5.843652995845822
1,0,0,212.03527330771573,149.53974506803132
0,0,0,0.0,1.523540087137654
0,0,0,0.0,0.0
0,0,0,0.0,0.0
0,0,0,0.0,3.7390477193374316
0,0,0,0.0,0.0
0,0,0,0.0,85.17152247883729
0,0,0,0.0,6.222507173522395
0,0,0,0.0,13.879906153001324
0,0,0,0.0,0.0
0,0,0,0.0,0.0
1,0,0,202.37071554986923,147.41435102313596
0,0,0,0.0,0.0
1,0,0,53.24355332575211,0.0
1,0,0,37.869933816450164,10.393863151725029
0,0,0,0.0,32.24665927392682
0,0,0,0.0,9.412037477283448
0,0,0,0.0,4.988100843336319
1,1,0,36.94931988392243,7.1786113227103066
0,0,0,0.0,0.0
0,0,0,0.0,0.0
0,0,0,0.0,2.1546103029203287
0,0,0,0.0,7.961676292558437
1,0,0,108.56676411058139,61.37265651662186
0,0,0,0.0,0.0
0,0,0,0.0,2.4644021711006587
0,0,1,0.0,107.00116860476481
0,0,0,0.0,0.6962823200446806
0,0,0,0.0,0.0
0,0,0,0.0,2.233675876725428
0,0,0,0.0,0.0
0,0,0,0.0,7.53593621721442
1,1,1,285.15143744715834,230.86390145956221
0,0,0,0.0,0.0
0,0,0,0.0,12.25797370743815
1,1,1,533.9066485614435,430.46181373794093
0,0,0,0.0,0.0
0,0,0,0.0,0.0
0,0,0,0.0,15.256117689305018
0,0,0,0.0,0.0
0,0,0,0.0,1.552027612098005
1,1,1,521.1523921109905,415.98129085372346
0,0,0,0.0,0.0
0,0,0,0.0,0.35407276081357963
0,0,0,0.0,5.97600894765829
0,0,0,0.0,0.0
0,0,0,0.0,5.236127936312162
0,0,0,0.0,3.5045652798740257
1,1,1,473.0287896632685,410.19216462522644
0,0,0,0.0,7.764354511809646
0,0,0,0.0,0.0
0,0,0,0.0,0.0
0,0,0,0.0,0.0
0,0,0,0.0,0.0
0,0,0,0.0,1.8907693032040136
0,0,0,0.0,0.0
0,1,0,0.0,0.0
0,0,0,0.0,0.0
0,0,0,0.0,4.588682539970531
1,1,0,183.40859400325323,116.71100714903915
0,0,0,0.0,0.0
0,0,0,0.0,38.506347845542265
0,0,0,0.0,3.6776454496809343
1,1,1,322.9249798249636,261.8590462831536
0,0,0,0.0,0.0
1,0,0,34.197179318241446,4.992815369451108
0,0,0,0.0,57.83545325016354
0,1,0,0.0,0.0
1,1,1,330.5219509629764,259.2026615973444
0,0,0,0.0,15.164774373924876
0,0,0,0.0,0.8598083586908842
1,0,0,34.04264916964473,0.0
0,0,0,0.0,0.9598443457264878
