True,Bayes,DecisionTree,NeuralNetwork,Regression
0,0,0,0,0.12089755591254857
1,0,0,0,0.1785994724604021
0,0,0,0,0.2108124672150243
0,0,1,1,0.42886857279682655
0,0,0,1,0.34196627007102404
0,0,0,0,0.07236442604982438
0,0,0,0,0.05936156904708402
0,0,0,0,0.06244406005341391
0,1,1,1,0.5934995141955154
0,0,0,0,0.10124494823837006
0,0,0,0,0.08699135520886592
0,0,0,0,0.12052576991896706
0,0,0,0,0.09163728467077244
0,0,0,0,0.08400496948325639
0,0,0,0,0.010901418074822672
0,0,0,0,0.09644187400269921
0,0,0,0,0.04926337155847141
0,0,0,0,0.08205508069017708
1,0,0,0,0.09534599346941536
0,0,0,0,0.1274085542009141
0,0,0,0,0.1033200083824466
0,0,0,0,0.119591125142754
0,0,0,0,0.12066368992808818
0,0,0,0,0.11039706697070689
0,0,0,0,0.09392897829123809
0,0,0,0,0.10561648101953744
1,0,1,1,0.18806349472972508
0,0,0,0,0.08809159886285868
1,1,1,1,1.0444569613278478
0,0,0,0,0.10027617445778114
0,0,0,0,-0.032105172803129745
1,1,0,1,0.5158793188387794
1,0,0,0,0.3064268534832084
0,0,0,0,0.1321782968003531
0,0,0,0,0.0661983998223121
0,0,0,0,0.13244409144963395
0,0,0,0,0.09128722735777137
0,0,0,0,0.09692349042162793
0,0,0,0,0.08684193557907101
0,0,1,0,0.41103681191450425
0,0,0,0,-0.03331583137575686
0,0,1,1,0.24940060677337572
0,0,0,0,0.059912007016913946
0,0,0,0,0.11016052095213635
0,0,0,0,0.051748350643790395
0,0,0,0,0.17146055166619473
0,0,0,0,0.09053375287597461
0,1,0,0,0.1427274809985332
0,0,0,0,0.1080457128525405
0,0,0,0,0.10761359199355872
0,0,0,0,0.16665037902150523
0,0,0,0,0.09205742755400692
0,0,0,0,0.16872855164196893
0,0,0,0,0.09881040781095785
0,0,0,0,0.09327110175090296
0,0,0,0,0.1226285582006017
1,0,1,1,0.3155495646414241
0,0,0,0,0.08824995279679736
0,0,0,0,0.10394803176646256
0,0,0,0,0.09131446078593836
1,1,0,0,0.11335101012094255
0,0,0,1,0.3985566757982718
0,1,0,1,0.3818008807913036
0,0,0,0,0.08512209303338368
0,0,0,0,-0.03331583137575686
0,0,0,0,0.13224007474246274
0,0,0,0,0.18257707467644943
0,0,0,0,0.14849590010423397
0,1,0,0,0.22466771425825877
0,0,0,0,0.09957795904795272
0,0,0,0,-0.004430270785691193
0,0,0,0,0.04057141250554605
0,0,0,0,0.06308018090829094
1,0,0,0,0.2503396933443251
0,0,0,0,-0.028712950207693766
0,0,0,0,0.009258948862262806
0,0,0,0,0.10267446136897937
0,0,0,0,0.2823221989478798
0,0,0,0,0.11529469714205008
0,0,0,0,0.06766274371439905
0,0,0,0,0.09371264647361377
0,0,0,0,0.09010302438338247
0,0,0,0,0.08192296636686514
0,0,0,0,0.08012634434515259
0,0,0,0,0.05646729317022749
0,0,0,0,0.12074002209635748
0,0,0,0,0.10312899911368123
0,1,1,1,0.5112323480409667
0,0,0,0,0.1987491772618502
0,0,0,0,0.11982235587815232
0,0,0,0,0.09986181099717333
0,0,0,0,0.08274199321985662
0,0,0,0,0.10876794120746963
0,0,0,0,0.09916232214447483
0,0,0,0,0.07869148506530756
0,0,0,0,0.10290819814134633
0,0,0,0,0.05082778693442025
0,0,0,0,0.09880924722182254
0,1,0,0,0.12651930933044664
0,0,0,0,0.06412836310005841
0,1,1,1,0.4810711781725112
0,0,0,0,0.09008687105738193
0,0,0,0,0.10211990654785535
1,0,1,1,0.2854276787813589
0,0,0,0,0.05933169419154387
0,0,0,0,0.1371671212205069
0,0,0,0,0.139430550877127
0,0,0,0,0.09135308507543849
0,0,0,0,0.07986227037246897
0,0,0,0,0.07723271363006462
0,0,0,0,0.13354438001925725
1,0,0,0,0.22352943936883857
1,0,0,0,0.17900058900406662
0,0,0,0,0.12735609341589896
1,1,1,1,0.6726483788483946
0,0,0,0,0.09405897651736508
0,0,0,0,0.19385160039219163
0,0,0,0,0.0950108989878106
0,1,1,1,0.4903492118522821
0,1,0,0,0.15765282827116278
1,0,0,1,0.16178098845816463
0,0,0,0,0.07077694971218047
0,0,0,0,0.06739922496638882
0,0,0,0,0.009232850876588566
0,0,0,0,0.07626214423882849
0,0,0,0,0.09405201103429206
0,0,0,0,0.10634582973303894
0,1,1,1,0.633825547362064
0,0,0,0,0.10011532164981599
0,0,0,0,0.23618009222811695
1,0,0,1,0.16287490660625006
0,0,0,0,-0.03170161994558737
0,1,0,0,0.20004059301614496
1,1,1,1,0.9991720392014619
0,0,0,0,0.09798381146218638
0,0,0,0,0.0945778591953096
0,0,0,0,0.0877491795723375
1,0,0,0,0.06867852066586123
1,0,1,0,0.3227632034850103
0,0,0,0,0.041188902974971825
0,0,0,0,0.09441077652281413
0,0,0,0,0.09413453155226797
0,0,0,0,0.111143885707217
0,0,0,0,0.05277153981175173
0,0,0,0,-0.03331583137575686
0,0,0,0,0.10450059257044458
0,0,0,0,0.07783897056971613
0,0,0,0,0.11709250291433747
1,0,0,1,0.2648733779021963
0,0,0,0,0.13944845749887616
1,0,1,0,0.2606110584784822
1,1,0,1,0.4188915187689357
0,0,0,0,0.0993465717405988
0,0,0,0,0.03990874944224418
0,0,0,0,0.09850123470376874
0,0,1,0,0.36522599122921456
0,0,0,0,0.12041187939116087
0,0,0,0,0.06014793213708934
0,0,0,0,0.1216915208039359
0,0,0,0,0.0960018151672449
0,0,0,0,0.13040658974852487
1,1,1,1,1.556295248004909
0,0,0,0,0.20358680918448482
0,0,0,0,0.07943427903519239
0,0,0,0,0.08669990814420524
0,0,0,0,0.07399499661110302
0,0,0,0,0.1291727929620567
0,0,0,0,0.06912165910099596
0,0,0,0,0.07572227280708035
0,0,0,0,-0.03331583137575686
1,0,0,0,0.2625610474340133
0,0,0,0,-0.03331583137575686
0,0,0,0,0.06447809161778081
0,0,0,0,-0.03331583137575686
0,0,0,0,0.09430451141342493
0,0,0,0,0.08869739132525337
0,0,0,0,0.08056889724709157
0,0,0,0,0.04983994832466024
0,0,0,0,0.08640320808443144
1,0,1,1,0.19740216348640155
0,0,0,0,0.04988962845684586
1,1,1,1,0.6366763750579125
0,0,0,0,0.07693844008272796
0,0,0,0,0.07221513573972996
0,0,0,0,0.14612217064580046
0,0,0,0,0.1839756032511595
0,0,0,0,0.09075691528092977
1,0,0,0,0.22035850234603632
0,1,0,0,0.11859222919534237
0,0,0,0,0.08882721743686513
0,0,0,0,0.11922764215815301
0,0,0,0,0.09996047359178468
0,0,0,0,0.12129422821079255
0,0,0,0,0.09681209533231835
0,0,1,0,0.2913704198276714
0,0,0,0,-0.03331583137575686
0,0,0,0,0.11505541502706923
0,0,0,0,0.07695272090520207
1,0,1,1,0.26300416907200386
1,1,1,1,0.3370885856209833
0,0,0,0,0.10559532652779474
0,0,0,0,0.0886256562830577
0,0,0,0,0.22884415297061828
0,0,0,0,0.16187095603223153
0,0,0,0,0.094973054526946
1,0,0,0,0.2052811869180923
0,0,0,0,0.251851924028642
0,0,0,0,0.18910253085584355
0,0,0,0,0.06482809796774927
0,0,0,0,0.08738939608219097
0,0,0,0,0.13602723458504598
0,0,0,0,0.06463227133835686
0,0,0,0,0.10241806445142283
0,0,0,0,0.15996409736850803
0,1,1,1,0.6695024320207468
0,0,0,0,0.08584116870853227
1,1,0,0,0.27636202846749974
0,0,0,0,0.14115378259597874
0,0,0,0,0.2458008674633289
0,0,0,0,0.08735485386345308
0,0,0,0,0.09521149251097294
0,0,0,0,0.111913765693243
0,1,0,0,0.22121800536077663
1,0,0,0,0.14920700299679143
0,0,0,0,0.08473718219716751
0,0,0,0,0.08320020009864466
0,0,0,0,-0.03331583137575686
0,0,0,0,0.16553107460706853
0,0,0,0,0.04967548995604579
1,1,1,1,0.49774250597097824
0,1,0,0,0.19955849975922074
0,0,0,0,0.09085143838390766
0,0,0,0,0.10859849261675875
0,0,0,0,0.11956615562543257
1,0,1,1,0.45641026176174415
0,0,0,0,0.05951627321888245
0,0,0,0,0.070315072318486
1,0,1,1,0.30534900106119023
0,0,0,0,0.09521169011285141
1,0,1,1,0.33241326672396915
0,0,0,0,0.13360951554828454
0,0,0,0,0.07603650997961464
1,1,0,0,0.32796216591304417
0,0,0,0,0.04961553117582178
0,0,0,0,-0.03331583137575686
0,0,0,1,0.3079237597737417
0,0,0,0,-0.03331583137575686
0,0,0,0,0.08013825512258856
0,0,0,0,0.22663511372307385
0,0,0,0,0.11850264144019182
1,1,1,1,0.6064994914257318
1,0,0,0,0.3562502324378738
0,0,0,0,0.09746302195940776
0,0,0,0,0.09908211810253081
0,0,0,0,0.09776434132861533
0,0,0,0,0.10290584341227625
0,0,0,0,0.09547298911616042
0,0,0,0,0.06561918117491897
0,0,0,0,0.14355785712808453
0,0,0,0,0.07644040117710438
0,0,0,0,0.0941626774552847
1,1,1,1,0.5046226590580105
0,0,0,0,0.05469365369485507
0,0,0,0,0.11696651194395491
1,0,0,0,0.10047620909811152
0,0,0,0,-0.03331583137575686
0,0,0,0,0.07867657170542772
0,1,0,0,0.11940284402129893
1,1,1,1,0.554608289862514
0,0,0,0,0.08276881344502539
0,0,0,0,0.0992385786493799
0,0,0,0,0.07210686570771953
0,0,0,0,-0.029116503065236138
1,0,0,1,0.28574331238795897
0,0,0,0,0.05174510072338008
0,0,0,0,0.18631210732772588
0,0,0,0,0.07576395843552161
0,0,0,0,0.16620858369492428
0,0,0,0,-0.03331583137575686
0,0,0,0,0.08483591034296326
0,0,0,0,0.1033500861060298
0,0,0,0,0.10909654104466207
0,0,0,0,-0.03331583137575686
0,0,0,0,-0.03331583137575686
0,0,0,0,-0.03331583137575686
0,0,0,0,0.0266043921879916
0,0,0,0,0.09849950080064218
0,0,0,0,0.11178625737768459
0,0,0,0,0.07965305829928061
1,1,1,1,0.45918071441884745
1,1,1,1,0.9174249820071007
0,0,0,0,0.12494895343212009
0,0,0,0,0.10017090773914016
0,0,0,0,0.053704612165524815
0,0,0,0,0.09544761608225161
0,0,0,0,0.12041849790917472
1,0,0,0,0.12000322587890047
1,0,0,1,0.21096543266753037
0,0,0,0,0.022611458616460828
0,0,0,0,-0.001690838765830538
0,0,0,0,0.08034476561596865
1,0,0,0,0.2757414896411498
0,0,0,0,0.10757892694696904
1,1,1,1,0.4230682087774744
0,0,0,0,0.11110557953407273
0,0,0,0,0.11048349453122489
0,0,0,0,0.07807407294695974
1,0,1,1,0.31141923806257477
0,0,0,0,0.0461684315283991
0,0,0,0,0.09415348811747648
0,0,0,0,0.09317232129469016
0,0,0,0,-0.03331583137575686
0,0,0,0,0.07169751134130763
0,0,0,0,0.08288799177537072
0,0,0,0,0.1188659959398908
0,0,0,0,-0.03331583137575686
0,0,0,0,0.10964337439541148
0,0,0,0,0.0937063623232348
1,0,1,1,0.2993683725955153
0,1,1,0,0.9386075398412047
0,0,0,0,-0.028712950207693766
0,1,0,0,0.20669067633366844
0,0,0,0,0.0864922268121945
0,0,0,0,-0.028712950207693766
0,1,1,1,0.5355693261889448
0,1,0,0,0.19499396213462886
0,1,0,0,0.13038734711244598
0,0,0,0,0.09765415160787581
0,0,0,0,0.2085840832636116
0,0,0,0,0.08361737259506213
1,0,1,1,0.24464544658753806
0,0,0,0,0.131451893465579
0,0,0,0,0.07187131335683945
0,0,0,0,0.26359663237302167
0,0,0,0,0.07244306315397563
0,0,0,0,0.10448717271949484
0,0,0,0,0.13094526675052512
0,0,0,0,-0.03291227851821449
0,1,0,0,0.09974090103949743
0,0,0,0,-0.03331583137575686
0,0,0,0,0.1485388974766689
0,0,0,0,0.04961553117582178
0,0,0,0,0.10641591944850153
0,0,0,0,0.12181197889917864
0,0,0,0,0.10354582094810028
0,0,0,0,-0.03331583137575686
0,0,0,0,0.10388075524656665
0,0,0,0,0.37123816487836314
0,0,0,0,0.14554165178495856
0,0,0,0,0.09710551514170421
0,0,0,0,-0.03331583137575686
0,0,0,0,0.07105552934398274
0,0,0,0,0.2184965591175157
0,0,0,0,0.11023650793625042
0,1,0,0,0.05471191344531767
1,1,1,1,1.4546367583925508
0,0,0,0,0.08389143668982102
0,0,0,0,0.09348699215573877
0,0,0,0,-0.03331583137575686
0,0,0,0,-0.03331583137575686
0,0,0,0,0.0716366697858792
0,0,0,0,0.11603470506418358
0,0,0,0,-0.03331583137575686
0,0,0,0,0.0694108568961337
1,0,0,1,0.3603522767443431
0,0,1,1,0.36453778365260625
1,1,1,0,0.6382419580449694
0,0,0,0,0.14053731689318136
0,0,0,0,0.07233128653508215
0,0,0,0,0.08099797298810543
0,0,0,0,0.1102260198604616
0,0,0,0,-0.03331583137575686
0,0,0,0,0.1169756880294365
1,0,0,0,0.05537884658528976
0,0,0,0,0.09284534298296437
0,0,0,0,0.10273000293552244
0,0,0,0,0.08032335176588865
0,0,0,0,0.11549861243599693
0,0,0,0,-0.03331583137575686
0,0,0,0,0.07848943948665027
0,0,0,0,0.10780786060720136
0,0,0,0,0.06798174673320344
0,0,0,0,0.14677619197693867
0,0,0,0,0.07613380352041187
1,1,1,1,0.9112994375459602
0,0,0,0,0.06651360280180398
0,0,0,0,0.12420667608888679
0,0,0,0,0.07085435191097063
1,0,0,0,0.25697114188786463
0,0,0,0,0.10417298267360087
0,0,0,0,0.3077732786371902
0,0,0,0,0.08858192369763414
1,0,1,0,0.17680886857399564
0,0,0,0,0.0766890367589779
0,0,0,0,0.09725510010639768
0,0,0,0,0.02316650561053457
0,0,0,0,0.11422037753199599
0,0,0,0,0.023260726550886623
1,0,0,0,0.06251020986185338
0,0,0,0,0.0976726661638623
0,0,0,0,0.2099047568213966
0,0,0,0,0.05014659465780594
0,0,0,0,0.026394536457207546
0,0,0,1,0.1808982571803128
0,0,0,0,0.08573006517520775
0,0,0,0,0.19528312277049353
0,0,0,0,0.08768158451505963
0,0,0,0,0.03755980564419825
0,0,0,0,0.11677704879323703
0,0,0,0,0.1411836797897654
1,0,1,1,0.260357975760764
0,0,0,0,0.11687419973943756
1,0,0,0,0.1515346522690359
0,0,0,0,0.11309143794901949
0,0,1,1,0.20231523627043208
0,0,0,0,-0.03291227851821449
0,0,0,0,0.09916710729290039
1,1,0,1,0.3853735788440865
0,0,0,0,0.10304947779348102
0,0,0,0,0.08863075360302089
0,0,0,0,0.033146288336629026
1,1,0,1,0.24601443643753745
0,0,0,0,0.08315193934138926
0,0,0,0,0.08034027682024131
0,0,0,0,0.22087075949237683
1,0,0,0,0.1903551128947915
0,0,0,0,0.10431851044869314
0,0,0,0,0.1399087960335106
0,0,0,0,0.09531642729787407
0,0,0,0,0.04836762017534525
0,0,0,0,0.0976761291948553
0,0,0,0,0.19755636021227396
0,0,0,0,-0.022999552396659517
0,0,0,0,0.06555403936783538
1,1,1,1,0.5275487697637767
0,0,0,0,0.0784445124464305
1,1,1,1,0.8649044080777069
0,0,0,0,0.10535536701688289
0,0,0,0,0.12843907392470055
0,0,0,0,0.11430121610823843
0,0,0,0,-0.03331583137575686
0,0,0,0,0.08421402761926983
1,1,1,1,0.8495130158484219
0,0,0,0,0.08078589092761679
0,0,0,0,0.09835028514376039
0,0,0,0,0.11523785643544435
0,0,0,0,0.08943962492307486
0,0,0,0,0.12020867637548377
0,0,0,0,-0.03331583137575686
0,0,0,0,0.11046638335858736
0,1,1,0,0.1913961606666027
0,0,0,0,0.0964849213414578
0,0,0,0,0.03687174567213507
0,0,0,0,0.21158566628282302
0,0,0,0,0.17710280332454797
1,0,0,0,0.3917664996643885
0,0,0,0,0.08547707618135171
0,0,0,0,0.09968455698835299
0,1,1,1,1.1976430264472506
0,0,0,0,0.07734406565048065
0,0,0,0,0.1199391968846353
0,0,0,0,0.08381927455232921
0,0,0,0,0.07750953958548353
0,0,0,0,0.08561207794722642
0,0,0,0,0.09113874927198709
0,0,0,0,0.08905874309847162
0,0,0,0,0.10515432689608276
1,1,1,1,0.6285615297136021
0,0,0,0,-0.03331583137575686
0,0,0,0,0.11126658192314055
1,0,1,1,0.26278082674706704
0,0,0,0,0.08817702257698452
0,0,0,0,0.11967350549936026
0,0,0,0,0.06364122378038711
0,0,0,0,0.12394276821579905
0,0,0,0,0.0779211106527749
0,0,0,0,0.06740763080464837
0,0,0,0,0.08901915028762941
1,0,0,0,0.15610298223562122
0,0,0,0,0.09789057051608674
0,0,0,0,0.05813451665702962
0,0,0,0,0.049846800756685836
1,0,1,1,0.3059241733108147
0,0,0,0,0.08501241785744273
0,0,0,0,0.1022493831716435
0,0,0,0,-0.03331583137575686
0,0,0,0,0.1149610905412504
0,0,0,0,0.12960405646339676
0,0,0,0,0.08840944048059395
0,0,0,0,0.10724886323655558
0,0,0,0,0.12489274044654897
1,0,1,1,0.36035180808209477
0,0,0,0,0.1125849928465146
0,0,0,0,0.1218908597323851
0,0,0,0,0.11646545229637092
0,0,0,0,0.10585361678515752
0,0,0,0,0.09823473324881093
0,0,0,0,0.08157222347512928
0,0,0,0,0.05830444180890183
0,0,0,0,0.09613076381031332
0,0,0,0,0.08023341359555262
0,0,0,0,0.10195169757064984
0,0,0,0,0.0807251782352648
0,0,0,0,0.04980397305652583
1,0,1,1,0.21817631771145113
0,0,0,0,0.013696936672800697
0,1,1,1,0.4660225681271104
0,1,0,0,0.19956960359791667
0,0,0,0,0.10793071398208876
1,1,1,1,0.8168339288282009
0,0,0,0,0.11340423707768105
0,0,0,0,0.32160838108130807
0,0,0,0,0.08865162210613406
1,0,1,1,0.3860327214112236
1,1,0,0,0.20403475827106035
1,0,0,0,0.13150537581620797
0,0,0,0,0.13115687176742227
1,0,0,0,0.11074654380267124
0,0,0,0,0.06586088995333239
0,0,0,0,0.09454651646112328
0,0,0,0,-0.028712950207693766
0,0,0,0,0.1352836358805232
0,0,1,1,0.2567411271806068
0,0,0,0,0.21502539039204094
0,0,0,0,0.08401775024646532
0,0,0,0,0.10907913178016868
0,0,0,0,0.0897575927534165
0,0,0,0,0.08023022701403586
0,0,0,0,0.09009237694558889
1,1,0,1,0.40624200927968734
0,0,0,0,0.08676993842876012
1,0,0,0,0.07367678282012684
0,0,0,0,0.08972991221602483
1,0,0,0,0.1778308213884843
0,0,1,0,0.38144673693666126
0,0,0,0,0.12550906598996311
0,0,0,0,0.08738454042248552
1,0,0,1,0.23955737585363862
0,0,0,0,0.08391809719162778
0,0,0,0,0.04985536629671784
0,0,0,0,0.12964789964881218
0,0,0,0,0.0934872305465998
1,0,0,1,0.24993526403898672
0,0,0,0,0.08149444190264976
0,0,0,0,0.14934278656971195
0,0,0,0,-0.0008178347439118661
0,0,0,0,0.11071043175702094
1,0,1,1,0.47919800824142056
0,0,0,0,0.16450978070634176
0,0,0,0,-0.027905844492609022
0,0,0,0,0.08662507122467003
0,0,0,0,0.09788080003413413
0,0,0,0,0.07283894019371859
0,0,0,0,0.08006898573260256
0,0,0,0,0.14947310331152983
0,0,0,0,0.08794742296264532
0,0,0,0,0.11309559360021684
0,0,0,0,0.0918443145595439
0,0,0,0,0.08200713801906226
0,0,0,0,0.2952664341228501
0,0,0,0,0.0783417945903813
0,0,0,0,0.03187772535533362
0,0,0,0,0.08405617335249169
1,1,0,1,0.31874474411826115
0,0,0,0,0.10262883150327516
0,1,0,0,0.202170449541605
1,0,0,0,0.1605094287780665
0,0,0,0,0.18096139882636814
0,0,0,0,0.10023704687238613
0,1,0,0,0.1987059924512872
0,0,0,0,0.06590003351122588
0,0,0,0,0.09208307012119152
0,0,0,0,0.09606542927910117
0,0,0,0,0.049691648560071536
0,0,0,0,0.08820637780804362
0,0,0,0,0.11184336395971284
1,0,1,1,0.28892077629370727
0,0,0,0,0.07789978516789889
0,0,0,1,0.22536289858576447
0,0,0,0,0.0874904648522324
0,0,0,0,0.19977572011963873
0,0,0,0,0.05707567181991516
0,0,0,0,0.09988679978223813
0,0,0,0,0.09796885151904455
1,0,1,1,0.322111542360643
0,0,0,0,0.09961771926621313
0,0,0,0,-0.03331583137575686
0,0,0,0,0.08770996702071882
0,0,0,0,0.2168879030146041
0,0,0,0,0.08330850555573623
0,1,0,0,0.19660949087714694
1,0,0,0,0.08807435996398283
0,0,0,0,0.10770395819443704
0,1,0,0,0.10238033318760396
0,0,0,0,0.04209296864262067
0,0,0,0,0.0810475651151835
0,0,0,0,0.07553083283764443
0,0,0,0,0.10369578767311824
1,0,1,1,0.2754158220334868
1,0,0,0,0.10898026973620722
0,0,0,0,0.08190729305510959
0,0,0,0,0.06373886770784834
1,0,1,0,0.2232333445907576
0,0,0,0,0.08347757332520611
1,1,1,1,0.6762452695436069
0,0,0,0,0.09712682450609224
0,0,0,0,0.04909822539122917
0,0,0,0,0.08287315005160265
0,0,0,0,0.08999108769897021
0,0,0,0,-0.028712950207693766
1,0,0,0,0.10154930673241597
1,0,1,1,0.2331574671323033
0,0,0,0,-0.03331583137575686
0,0,0,0,0.07599562088224868
0,0,0,0,0.11295009113062082
0,0,0,0,0.0641183389364367
0,1,0,0,0.2113510091517527
0,0,0,0,0.09137189586639444
0,0,0,0,0.09590830950574195
0,0,0,0,0.08783334583559722
1,1,1,1,0.8144034011416854
0,0,0,0,0.09323210557642614
0,0,1,0,0.3330369287788654
0,0,0,0,0.011782125111620662
1,0,1,1,0.2969622880192079
0,0,0,0,0.13408570759811123
0,0,0,0,0.10202448430684602
0,0,0,0,0.10693075745056727
0,0,0,0,-0.022031184379822294
1,0,0,0,0.21160283141279954
0,0,0,0,0.03156984121448883
0,0,0,0,0.06448665715781282
0,0,0,0,0.14380309693584278
0,0,1,0,0.3158690041780762
0,0,0,0,0.0947894443436165
0,0,0,0,-0.03331583137575686
0,0,0,0,0.08760238622256403
0,1,1,1,0.4744242209985854
0,0,0,0,-0.03331583137575686
0,0,0,0,0.0925238503953899
0,1,0,0,0.12363269233006574
0,0,0,0,0.10242277588131193
0,0,0,0,0.04987678014679785
1,0,0,0,0.2191839740648113
0,0,0,0,0.1012715279217179
0,0,0,0,0.05712945453633694
0,0,0,0,0.12621189515012055
0,0,0,0,0.11767224470202922
1,1,0,1,0.38287443925149744
0,0,0,0,-0.03331583137575686
0,0,0,0,0.07779218431778896
0,0,0,0,0.08764607216309929
0,0,0,0,0.11977473364832437
0,0,0,0,0.08881014423509638
0,0,0,0,0.23282575860689847
0,0,0,0,0.09625477264933494
0,0,0,0,0.07055164434272648
0,0,0,0,0.09195322181614224
0,0,0,0,0.061748751208853536
0,0,0,0,-0.0317949785896334
0,0,0,0,0.08956950688446717
0,0,0,0,-0.03291227851821449
0,1,1,1,0.41820866024447556
0,0,0,0,0.14718535805451352
0,0,0,0,-0.03331583137575686
0,0,0,0,0.11789192331876258
0,0,0,0,0.07085863468098665
0,0,0,0,0.20308910907757366
0,0,0,0,0.09858680515872562
0,0,0,0,-0.028309397350151366
0,0,0,0,0.1037135722724652
0,0,0,0,0.08597984232067676
1,0,0,0,0.1781794013338056
0,0,0,0,0.09177571416144162
0,0,0,0,0.10932489995558893
1,0,0,0,0.10694790545946475
1,0,1,0,0.36349206758566993
0,0,0,0,0.06334141481994851
0,0,0,0,0.08234407590518308
1,0,0,0,0.20282233824730375
0,0,0,0,0.16624273742416107
0,0,0,0,0.08935316075876701
0,0,0,0,0.20373035420053479
0,0,0,0,0.24165102625833404
0,0,0,0,0.0913082424334043
1,1,1,1,0.9951010807717882
0,0,0,0,0.09408138190220394
0,0,0,0,0.11024728590001084
1,0,1,1,0.4382465603889325
0,0,0,0,0.10107412545840794
0,0,0,0,0.0946138400107675
0,0,0,0,0.08645789360371071
0,0,0,0,0.06995894063912422
0,0,0,0,0.26341885269677456
0,0,0,0,0.11389937400435293
0,0,0,0,-0.028712950207693766
0,0,0,0,0.16312415046296108
0,0,0,0,0.11871802857300695
0,0,0,0,0.07686677227423902
0,0,0,0,0.08512007717105781
0,0,0,0,0.09530007268622334
0,0,0,0,-0.028712950207693766
0,0,0,0,0.2643127411018896
0,1,1,1,0.3795239747621594
0,0,0,0,0.10586169145417906
0,0,0,0,0.09969389494870184
1,1,0,0,0.6061657592679294
0,0,0,0,0.12077264770031164
1,1,0,0,0.3494709532243596
0,0,0,0,0.13037215063061844
1,1,1,1,0.5150250618603341
0,0,0,0,0.07908593612051591
1,0,0,0,0.14818119046186132
1,0,1,1,0.31164063197238573
0,0,0,0,0.09292179727422989
0,0,0,0,0.0873282667281659
0,0,0,0,0.08273489905100254
0,0,0,0,0.08471552406957686
1,0,1,1,0.29048307451159167
1,0,0,0,0.07945174188252864
0,0,0,0,0.05015516019783792
0,0,0,0,0.07628427958132716
1,0,1,1,0.3218656379902023
1,0,1,1,0.30206529345383276
0,0,0,0,0.0791968264783736
0,0,0,0,0.08191623527018592
0,0,0,0,-0.03331583137575686
1,0,0,0,0.2045111593101419
0,0,0,0,-0.03331583137575686
0,0,0,0,0.2393252211264397
0,0,0,0,0.0643753051373968
1,0,1,1,0.2343498117059574
0,0,0,0,0.13942104300873728
0,0,0,0,0.10189257903138783
0,0,0,0,0.07714946699926692
0,0,0,0,0.10222526755665187
0,0,0,0,0.0505991125382276
0,0,0,0,0.11681705958716762
0,0,0,0,0.11573396305875258
0,0,0,0,0.06877475472969986
0,0,0,0,0.10834546722942118
1,0,0,1,0.31581619568049
0,0,0,0,0.07644758704637312
1,0,1,1,0.3247863015179627
0,0,0,0,0.04996671831713388
1,0,0,0,0.08641280193007696
0,0,0,0,0.09998466325340327
0,0,0,0,-0.0009789264671360431
1,0,0,0,0.14542568598212122
0,0,0,0,0.3040656381081069
1,0,1,1,0.4019591345876693
0,0,0,0,0.08990107351090337
0,0,0,0,0.06857561608440167
0,0,0,0,0.09610491675120987
0,0,0,0,0.08074242144357567
1,0,1,1,0.28492648544978827
0,0,0,0,0.0448384244469992
1,0,0,0,0.06927727476009093
0,0,0,0,-0.028712950207693766
0,0,0,0,0.0018725795552297642
0,0,0,0,0.09382147168814742
0,0,0,0,0.06414403555653272
0,0,0,0,-0.03331583137575686
0,0,0,0,0.15880315441413548
0,0,0,0,-0.03331583137575686
0,0,0,0,0.07798643596570326
1,0,0,0,0.04871412397267641
0,0,0,0,0.11125242344738476
0,0,0,0,-0.03331583137575686
0,0,0,0,0.11207339833085798
0,0,0,0,0.11767227079355203
0,0,0,0,0.12452651628330996
1,0,1,1,0.29195439510151
0,0,0,0,0.07913753325935433
0,0,0,0,0.08371174282791942
1,1,1,1,0.4478811160022109
0,0,1,1,0.22910446876962562
1,1,1,1,0.5369995120046991
0,0,0,0,0.10306029291207493
0,0,0,0,0.06410977339640471
1,1,1,1,0.6008676172380648
0,0,0,0,0.0886584039032676
0,0,0,0,0.04691080842264904
0,0,0,0,0.11846106742967207
0,0,0,0,0.07844052976124419
0,0,0,0,0.0965171175059018
1,0,0,0,0.339194868779106
0,0,0,0,0.04433717118293451
0,0,0,0,0.0845618543543134
0,0,0,0,0.051824318515858045
0,0,0,0,0.05686628405737672
0,0,0,0,-0.028712950207693766
0,0,0,0,0.06458087809816486
0,0,0,0,0.10856504293574619
0,1,0,0,0.468158083286921
0,0,0,0,0.07075584820060261
0,0,0,0,0.09098031697478258
0,0,0,0,0.091278473867041
0,0,0,0,0.06465796795845288
0,0,0,0,0.09904964285762523
1,0,0,0,0.10879541195973744
0,1,0,0,0.12046814108899329
0,0,0,0,0.16642857730780836
1,0,0,0,0.10108152649607716
1,0,1,0,0.22685607959610393
1,1,1,1,0.7748010142388235
0,0,0,0,0.08089764652045332
0,0,0,0,0.09762379173786637
1,1,1,1,0.88327786185239
0,0,0,0,-0.03331583137575686
0,0,0,0,0.10108256706282914
0,0,0,0,-0.03331583137575686
0,0,0,0,0.11714475785065151
0,0,0,0,0.12076518673387332
0,1,0,0,0.2438802740475231
0,0,0,0,0.087557138117909
0,0,0,0,0.04988962845684586
0,0,0,0,0.06938124945065753
1,0,0,0,0.11613252598013712
0,0,0,0,0.2163554496023637
1,0,1,1,0.35610138126963575
0,1,0,1,0.3638746754070038
1,0,1,1,0.3951604815446875
0,0,0,0,0.09094445482271699
0,0,0,0,0.084048257142742
0,0,0,0,0.08072476323842302
0,0,0,0,0.2443896869334484
0,0,0,0,0.16018133997646739
0,1,0,0,0.31029202985142434
0,0,0,0,0.07625624206641633
0,0,0,0,0.1575206145471677
0,0,0,0,0.23333726198922206
0,0,0,0,0.09068073369748515
0,0,0,0,0.029706081854384517
0,0,0,0,0.08462331595064863
0,0,0,0,-0.032508725660672116
0,0,0,0,0.1294697337422535
0,0,0,0,0.10130896999993225
1,0,0,0,0.08537391744473163
0,0,0,0,0.22347713303635938
0,0,0,0,0.08472033516668771
0,0,0,0,0.10320370521027358
0,0,0,0,0.022862428939398494
0,0,0,0,-0.027905844492609022
0,0,0,0,0.10878036655745713
1,0,0,0,0.13332233392935167
0,0,0,0,0.11965641216715289
0,0,0,0,0.09695887329144973
1,0,1,0,0.344495087264886
0,0,0,0,0.005971817129857032
1,1,0,0,0.24346409196303148
0,0,0,0,0.07782397081321825
0,0,0,0,0.12896988337432505
1,1,1,1,0.7231797782870695
0,0,0,0,0.10036203181693626
1,1,1,1,0.8623400213109869
0,0,0,0,0.07640567020464656
0,0,0,0,0.09254663157727798
0,0,0,0,0.09072307530920873
0,0,0,0,0.1333699272711958
0,0,1,1,0.19348662560855492
0,0,0,0,0.09299301973082524
0,0,0,0,0.022532655648166422
0,0,0,0,0.10564568756942111
0,1,1,1,0.49107759961580666
0,0,0,0,0.24439580525530216
0,0,0,0,0.09785695372614725
0,0,0,0,0.08299522673539919
0,0,0,0,0.08134323982668495
0,0,0,0,0.07930963952102581
1,0,1,1,0.25943399018840546
0,0,0,0,0.10276129854825083
0,0,0,0,0.11796848984413172
0,0,0,0,0.05580904283341097
0,0,0,0,0.12211211211105943
0,0,0,0,0.09164539877831107
0,0,0,0,-0.032508725660672116
1,0,0,1,0.24084895784745436
0,0,0,0,0.04971831765620578
1,0,0,1,0.2598682263190544
0,0,0,0,0.06878117888472386
0,0,0,0,0.0917065394327603
0,0,0,0,0.07988599141514852
0,0,0,0,0.10862550870930326
0,0,0,0,0.06415260109656473
0,0,0,0,0.1901181778970564
1,0,0,0,0.26283178532848894
1,0,0,0,0.09632538135116143
1,0,0,0,0.18909551042955805
0,0,0,0,0.08909816630322284
1,0,0,0,0.324393970176003
1,0,0,0,0.10249308394136913
0,0,0,0,0.09926699915157366
1,0,1,1,0.31515425907234795
0,0,0,0,0.15467644695445706
0,0,0,0,0.11461260954625269
0,0,0,0,0.0763796421948315
0,0,0,0,0.09825336279511786
0,1,1,1,0.8653819475140798
0,0,0,0,0.08867863767459065
0,0,0,0,0.07962613394690118
0,0,0,0,-0.03331583137575686
0,0,0,0,0.10538238463733104
0,0,0,0,0.14683064467067108
0,0,0,0,0.11676763361938437
0,0,0,0,0.03480052818690678
0,0,0,0,0.07756676969131271
0,0,0,0,0.14625851974853551
0,0,0,0,0.0383778147172545
0,0,0,0,0.12133957000097279
1,1,1,1,0.8923877429248936
0,1,0,0,0.3140336270655931
0,1,0,0,0.11694029834699199
0,0,0,0,0.11285395062511472
0,0,1,1,0.3795456541172345
0,0,0,0,0.09291541916043736
0,0,0,0,0.11078381235827456
0,0,0,0,0.08051704889264696
0,0,0,0,0.08336438722001255
1,1,1,1,0.8089215296258218
0,0,0,0,-0.0317949785896334
0,0,0,0,0.1431277389972245
0,0,0,0,0.19668521264004954
0,0,0,0,0.09534461544626623
0,0,0,0,0.12376004687919197
0,0,0,0,0.11344790843671138
1,1,1,1,0.6391164276070953
0,0,0,0,0.06876942717381411
0,0,0,0,0.13830122000418135
0,0,0,0,0.10490921090434713
0,0,0,0,0.08635163226439142
1,1,0,0,0.36906967718954103
1,0,0,0,0.0900960236608033
0,0,0,1,0.2743971150157506
0,0,0,0,0.09690101500410855
0,0,0,0,-0.031298067088045056
0,0,0,0,0.09695088387056207
0,0,0,0,0.094143028626403
0,0,0,0,0.02400028042175359
0,0,0,0,0.16614740215917206
0,1,1,1,0.8673191646120293
0,1,0,1,0.3768163179685395
0,0,0,0,0.20382448039624707
1,0,1,1,0.21001345028110724
0,0,0,0,0.20999574592171225
0,0,0,0,0.10710031309110847
0,0,0,0,0.09304721569584451
0,0,0,0,0.10671033652726042
1,0,1,1,0.34496339429440304
0,0,0,0,0.08257876983038474
0,0,0,0,0.09028973108174823
0,0,0,0,0.05889840327271981
1,0,0,0,0.3611657603488796
0,0,0,0,0.08343262089336007
0,0,0,0,0.06450288435678507
0,0,0,0,0.09714282894204182
0,0,0,0,0.057358143245572826
0,0,0,0,0.1807122306898137
1,1,0,0,0.18933534635373572
0,0,0,0,0.13515309075842283
0,0,0,0,0.10825052185723474
0,0,0,0,0.07773621851042052
0,0,0,0,0.07121935983836901
0,0,0,0,0.08745058004549458
0,0,0,0,0.10353557468780933
0,0,0,0,0.10725429047929247
0,0,0,0,0.10197697250830881
0,0,0,0,-0.03331583137575686
0,0,0,0,0.10675616830703971
1,0,0,0,0.1591707478951122
0,0,0,0,0.12025076907198648
0,0,0,0,0.07231672143850358
0,0,0,0,0.11158612673052047
1,0,0,0,0.15621869469819
1,1,1,1,0.6444604000860406
0,0,0,0,0.04951177221939948
0,0,0,0,0.08852437886787512
0,0,0,0,0.1771861882216321
1,0,0,0,0.1286237190262675
0,0,0,0,0.0789924173610561
1,1,1,1,1.0974813712636515
1,0,0,0,0.2262973615059256
0,0,0,0,0.09024723886794614
0,1,0,0,0.12324759674516023
0,0,0,0,0.06364780387404675
1,1,0,0,0.27286065474472876
0,0,0,0,0.08922456303404754
0,0,0,0,0.04965835887598177
0,0,0,0,0.08843313448825127
0,0,0,0,0.09478372091620958
0,0,0,0,0.1262171117207959
1,0,1,1,0.3066020913964769
0,0,0,0,-0.032508725660672116
0,0,0,0,0.1623994464431335
0,0,1,1,0.33653581525014387
0,0,0,0,0.04991028038110144
0,0,0,0,0.14089186650327526
0,0,0,0,0.06302409024783821
0,0,0,0,0.16096652386127103
0,0,0,0,0.04080735401629397
0,0,1,1,0.2916794762019066
0,0,0,0,0.0838048340935217
0,0,0,0,0.08217301488832643
0,0,0,0,0.08295651014579608
0,1,0,0,0.08882159378332176
0,0,0,0,0.08512160627002362
0,0,0,0,-0.03371938423329923
0,0,0,0,0.07312418241674079
1,0,1,1,0.23327137388688124
0,0,0,0,0.09179672209311349
0,0,0,0,0.10606384518854631
0,0,0,0,0.12113646045032192
0,0,0,0,0.06342561324563468
0,0,0,0,0.0861429280982759
0,0,0,0,0.12149225311671795
0,0,0,0,0.0980037109835736
1,1,1,1,0.5365337049737345
1,0,0,0,0.14943009880786076
0,0,0,0,0.06732873761718709
0,0,0,0,0.08501416086052885
0,0,0,0,0.06946244686756711
0,1,0,1,0.23341370727788924
0,0,0,0,0.080684469789134
0,0,0,0,0.17701262839354737
0,0,0,0,0.11423412108875287
0,0,0,0,0.10246853273813156
0,0,0,0,0.055066720881683615
0,0,0,0,0.12224809380423668
0,0,0,0,0.10087801859937784
0,0,0,0,0.08488906907697669
1,0,0,1,0.23903487353103553
0,0,1,0,0.2601771874266101
0,0,0,0,0.09984366345557719
1,0,1,1,0.35166013421672004
0,0,0,0,-0.03291227851821449
0,0,0,0,0.11611828379411196
0,0,0,0,0.10136732605727977
0,0,0,0,-0.03331583137575686
0,0,0,0,0.08405732202034004
0,0,0,0,0.02925628428969554
0,0,0,0,0.034500263319983765
0,0,0,0,0.08247573402935786
0,0,1,1,0.24982372322709195
0,0,0,0,0.0870068926465845
0,0,0,0,0.019066542667362463
0,0,0,0,0.11197394116224149
0,0,0,0,-0.03331583137575686
0,0,0,0,0.05049606869111163
0,0,0,1,0.2243101551425434
0,0,1,1,0.24602548382134004
0,0,0,0,0.08259573881491612
1,0,0,1,0.19922669013654215
0,0,0,0,0.19149760558867732
0,0,0,0,-0.0034652467184079494
0,0,0,0,0.06217930431934959
0,0,0,0,0.22755024832068266
0,0,0,0,0.0929075054623485
0,0,0,0,0.10277759058840874
0,0,0,0,0.06933114674496318
0,0,0,0,0.11041564677103173
0,0,0,0,-0.03331583137575686
0,0,0,0,0.0716743059361034
0,0,0,0,0.009372870544688439
0,0,0,0,0.0917800507202375
0,0,0,0,0.08557055456550872
0,0,0,0,0.07948496071347777
1,0,0,0,0.09188660538124524
1,1,1,1,0.6671357085516139
0,0,0,0,0.07113273196201073
1,1,1,1,0.8279574832598242
0,0,0,0,-0.005677867174296941
0,0,0,0,0.10437491638492843
0,0,0,0,-0.0023062293948133694
0,0,0,0,0.12975510063996298
1,1,0,0,0.22749861005730163
0,0,0,0,0.16987908870281923
0,0,0,0,0.06104393727365602
0,1,1,1,0.6524376819042582
1,0,0,0,0.15450593007374108
0,0,0,0,0.09451217296116983
0,0,0,0,0.07757597305771957
0,1,1,1,0.4604668531583118
0,0,0,0,-0.03331583137575686
0,0,0,0,0.01530258073751492
0,0,0,0,0.0644352639176208
0,0,0,0,0.10071273410889983
0,0,0,0,0.09531230216608028
0,0,0,0,0.01850121702525029
0,0,0,0,0.08889730315536258
0,0,0,0,0.15293570866224962
0,0,0,0,0.0782049024236969
0,0,0,0,-0.03331583137575686
0,0,0,0,0.0780325699315954
0,0,1,1,0.4452623056381001
0,1,0,0,0.1528685541935893
0,0,0,0,0.07058010685074102
0,0,0,0,0.20195678618155744
0,0,0,0,0.11760812928018993
0,0,0,0,0.10267453154627504
0,0,0,0,0.0798879368142904
0,0,0,0,0.07707719251349977
1,0,0,0,0.1653957631331079
0,0,0,0,0.07877579054264029
0,1,1,1,2.443392450545412
0,0,0,0,0.018903797406754408
0,0,0,0,-0.03291227851821449
0,0,0,0,0.20966506831837894
0,0,0,0,-0.03331583137575686
0,0,0,0,0.08145011634730709
0,0,0,0,0.021689450919586656
0,0,0,0,0.08787299240658909
0,0,0,0,0.08749126002232681
0,0,0,0,0.10717735823425154
0,1,0,0,0.09065654428316688
0,0,0,0,0.0889807485204052
0,0,0,0,-0.028712950207693766
1,0,0,0,0.1718870198134615
0,0,0,0,0.10036783688377368
0,0,0,0,-0.03331583137575686
0,0,0,0,0.1355536776599281
0,0,0,0,0.11649602647907609
0,0,0,0,0.38791322022823216
0,0,1,1,0.3417586308618979
0,0,0,0,0.10153917436840867
0,1,0,0,0.11095307313552855
0,0,0,0,0.029453398423440427
0,0,0,0,0.09849338150117226
0,0,0,0,0.10960249122398502
0,0,0,0,0.22101416774910856
1,1,1,1,2.4595146153309715
0,0,0,0,0.06288608046185838
0,0,0,0,0.09446797267905449
0,0,0,0,0.111241732217675
0,0,0,0,0.13683419031365954
0,0,0,0,0.11783984281691326
0,0,0,0,0.09008520967680098
0,0,0,0,0.07424143369483319
0,1,1,1,0.5379063998070025
1,1,1,1,0.9750442246969662
0,0,0,0,0.026385970917175566
0,0,0,0,0.09132040606719072
0,0,0,0,0.14871407018768787
0,0,0,0,0.08839279655181263
0,0,0,0,0.07733472549356277
0,1,0,0,0.12061391120691813
0,0,0,0,0.08218678193943985
1,0,1,0,0.41365744403276883
0,0,0,0,0.08610107726023736
0,0,0,0,0.024554123095719
1,1,1,1,1.5524620332808343
0,0,0,0,0.09864891410272346
0,0,0,0,0.10395612599168695
0,0,0,0,0.0872525295191108
1,1,0,0,0.1664949698426612
0,0,0,0,0.056066986973682356
0,0,0,0,0.06765538099317042
0,0,0,0,0.09743948580540682
0,0,0,0,0.06407551123627671
0,0,0,0,-0.03331583137575686
0,0,0,0,0.1256032103604926
0,0,0,0,0.07848752324126912
0,1,0,0,0.13591051099212165
1,0,0,0,0.2815803983395161
0,0,0,0,0.0904101264634753
0,0,0,0,0.07214602246825601
0,0,0,0,0.1634762655740744
0,0,0,0,0.05338012973191253
1,1,0,1,0.29131253549940916
0,0,0,0,0.04981425170456423
0,0,0,0,0.010231596119680414
0,0,0,0,0.08327853605167332
0,0,0,0,0.08270768575583162
0,0,0,0,0.04847956032277341
0,0,0,0,0.09469006331950668
1,1,1,1,0.7369384701555965
0,0,0,0,-0.03331583137575686
0,0,0,0,0.14902759758289458
0,0,0,0,0.09515557362755105
1,0,1,1,0.4068429562659347
1,0,0,0,0.08577301751679546
0,0,0,0,0.1066322489759763
0,0,0,0,0.07741258997073666
0,0,0,0,0.07337632236913023
0,0,0,0,0.09392214991195369
0,0,0,0,0.0548070186407994
1,1,1,1,1.0488018949713027
0,0,0,0,0.10914753788676868
0,0,0,0,0.16605443826724578
1,0,0,0,0.19161720119854683
0,0,1,1,0.3047297710046188
0,0,0,0,0.08873789574754193
0,0,0,0,0.06515872828460316
0,0,0,0,0.12220842869946445
0,0,0,0,0.06788642838252841
0,0,0,0,0.07438318059853474
0,0,0,0,0.07175996133642341
0,0,0,0,0.08109038516753649
1,0,0,0,0.08752798957457708
0,0,0,0,0.15416162005982684
0,0,0,0,0.18148231164494477
0,0,0,0,0.08490624977561759
1,0,0,0,0.10767743993075386
1,0,0,1,0.2883993021910912
0,0,0,0,0.3064740530742992
0,0,0,0,0.050018111557325884
0,0,0,0,0.12163973779481654
1,0,0,0,0.1839531227366641
0,0,0,0,0.17875075394534953
0,0,0,0,-0.03331583137575686
0,0,0,0,0.08449679666690461
1,0,1,1,0.2692529025927935
0,0,0,0,0.12349763225095602
0,0,0,0,0.1058850409177578
0,0,0,0,-0.03331583137575686
0,0,0,0,0.04166494644966026
0,0,0,0,0.0491691506181194
0,0,0,0,0.09312715338492464
0,0,0,0,0.09572605293349842
0,0,0,1,0.254390105710653
0,0,1,0,0.19059943849878352
0,0,0,0,0.09797802598664584
0,0,0,0,0.09139100573845456
0,0,0,0,0.09492707937668557
0,0,0,0,0.28691709996926595
0,0,0,0,0.10903303359603952
0,0,0,0,0.08846009646293847
0,0,0,0,0.09202947849245988
0,0,0,0,0.1266965774189067
0,0,0,0,0.09229484982931284
1,0,0,0,0.28541712648228534
0,0,0,0,0.09994126882593361
1,0,1,1,0.3619172458712501
0,0,0,0,0.1150358583815541
0,0,0,0,0.13218466159267045
0,0,0,0,0.08782188959830223
0,0,0,0,0.0982465667608863
0,0,0,0,0.10549109571668136
0,0,0,0,0.11959591446773703
0,0,0,0,0.02670289589835967
0,0,0,0,0.07792521732424507
0,0,0,0,0.1747028518261361
0,0,0,0,0.12628652537053625
0,0,0,0,0.0994373520156378
0,0,0,0,0.06654201592416842
0,0,0,0,0.07857246239436991
0,0,0,0,0.08407300431416634
0,0,0,0,0.12273485944041454
0,1,0,0,0.11425796532165855
0,0,0,0,0.13536282141110026
1,1,1,1,0.6735776983871595
0,0,0,0,0.07056013456083729
0,0,0,0,0.07356261464729698
0,0,0,0,0.10248422206726186
1,0,0,0,0.21524021746450905
0,0,0,0,0.08498769146374203
0,0,0,0,0.19901858047470408
0,0,0,0,0.11628512243420346
0,0,0,0,-0.03170161994558737
0,1,0,0,0.22302449092141025
0,0,0,0,0.03469895284342649
0,0,0,0,0.04957641889239146
0,0,1,1,0.23883235302904116
0,0,0,0,-0.03331583137575686
0,0,0,0,0.09805443173450795
0,0,0,0,0.05985415435751655
0,0,0,0,0.09524441680096152
0,0,0,0,0.17698041390124483
1,1,0,1,0.34723940615989124
0,0,0,0,0.09147352871014594
0,0,0,0,0.09243435009743835
0,0,0,0,0.11018078045657975
0,0,0,0,0.011340806803714215
0,0,0,0,0.14032467464732729
0,0,0,0,0.07087708059360155
1,0,0,0,0.08859993187846106
0,0,0,0,0.11021107438954082
0,0,0,0,0.06417829771666074
1,1,1,1,0.538036803773934
0,0,0,0,-0.03331583137575686
0,0,0,0,0.16348097916619886
0,0,0,0,0.09738793232787782
0,0,0,0,0.07941160149608088
0,0,0,0,0.10790592866831648
1,0,1,1,0.3748665746594949
1,1,1,1,0.5000344349064487
0,0,0,1,0.19183403386866543
1,0,0,0,0.20547826163307403
0,0,0,0,0.2558856401943555
0,0,0,0,0.10973259240535688
0,0,0,0,-0.03331583137575686
0,0,1,1,0.4160894750952254
1,0,1,1,0.22980658008817367
0,0,0,0,0.09361331912634034
1,0,0,0,0.08582408809888058
1,0,0,0,0.22786496305982482
0,0,0,0,0.10062495740522645
0,0,0,0,0.13251010717699535
0,0,0,0,-0.03331583137575686
0,0,0,0,-0.03331583137575686
0,0,0,0,-0.028712950207693766
0,0,0,0,0.18842826367968316
1,1,1,1,2.530534410743263
0,0,0,0,0.009144340147342056
0,0,0,0,0.05729001679271914
0,0,0,0,0.1296480793495877
0,0,0,0,0.10230614798734648
1,1,1,1,0.5771161217351587
0,0,0,0,0.09864725576371042
1,0,0,0,0.2511393380037669
0,0,0,0,0.049769710896397826
0,0,0,0,0.0698700829451924
0,0,0,0,0.06254948107060172
0,0,0,0,0.10873166462782766
0,0,0,0,0.13725679560488693
0,0,0,0,0.16301185982369368
0,0,0,0,0.13004507980700258
0,0,0,0,0.09544379478742701
0,0,0,0,0.11515798739786792
1,0,0,0,0.21510432111113104
0,0,0,0,0.07214742983545916
0,0,0,0,0.08906176181032845
0,0,0,0,0.058558421930321666
1,1,1,0,0.558236030883228
0,0,0,0,0.15310844312025648
0,0,0,0,0.09962590921527596
0,0,0,0,0.07416024287475834
0,0,0,0,-0.01126061137822254
0,0,0,0,0.09499032352326603
0,0,0,0,0.04165878595088625
1,0,0,0,0.34369639424549114
0,0,0,0,0.16417044498235828
0,0,0,0,0.08059189185237664
0,0,0,0,0.10651525481722962
0,0,0,0,0.08776175141980125
0,0,0,0,0.04991104230692585
0,0,1,1,0.36819633136589147
0,0,0,0,0.09947983660739514
0,0,0,0,0.13024909554835445
0,0,0,0,0.11751349743950998
0,0,0,0,0.10943481143106634
0,0,0,0,-0.028712950207693766
0,0,0,0,0.14810125524663764
0,0,0,0,0.07885293008703982
0,0,0,0,0.24613635264699518
0,0,0,0,0.09863869133390907
0,0,0,0,0.08458503892270555
0,0,0,0,0.03706361376885191
0,0,0,0,0.14275942635653946
0,0,1,1,0.3372047811748766
0,0,0,0,0.09698199174270236
0,0,0,0,0.09155807342965763
0,1,0,0,0.11364340632509604
0,0,0,0,0.07640352881963856
0,0,0,0,0.08887632207521694
0,0,0,0,0.08124215900811067
0,0,0,0,-0.03331583137575686
0,0,0,0,0.06437102236738079
0,0,0,0,-0.03331583137575686
0,0,0,0,-0.028712950207693766
0,0,0,0,0.09396168016036953
0,0,0,0,0.10744105785618985
0,0,0,0,0.10798718546242855
1,0,1,1,0.30209280527104065
0,0,0,0,-0.028712950207693766
0,0,0,0,0.09063436098813812
0,1,0,1,0.4323792675609526
0,0,0,0,0.08738691398969292
0,0,0,0,0.09529546307895087
0,0,0,0,0.11234814597106377
0,0,0,0,0.08503437287685581
0,0,0,0,-0.03331583137575686
1,1,0,1,0.3508422665709865
0,0,0,0,0.05114973531758847
0,0,0,0,0.07806780859600727
0,0,0,0,0.08260849989985392
0,1,1,1,0.46460549118744865
0,0,0,1,0.26960940792122645
0,0,0,0,-0.030580815252702287
0,0,0,0,0.08346042395503785
0,0,0,0,0.054312633284236925
1,1,1,1,0.8111093437010107
0,0,1,0,0.23774870142391502
1,0,0,0,0.15070470908345673
0,0,1,0,0.2356096396537944
0,0,0,0,0.08829476973526165
0,0,0,0,0.08804834216215297
0,0,0,1,0.28885065140749366
0,0,0,0,-0.03331583137575686
0,0,0,0,0.076554705498226
0,0,0,0,0.08411008872926287
0,0,0,0,0.14082845475769612
0,0,0,0,0.09783200520754998
1,0,0,0,0.21278680250694781
0,0,0,0,0.09144630569394041
0,0,0,0,0.1127673533833443
0,0,0,0,0.11390381836878957
1,0,1,1,0.24867648226381267
0,0,0,0,0.10241474473695247
1,0,0,0,0.1712298661267376
0,0,0,0,0.09596192359154855
1,0,0,0,0.11569331032215144
1,0,0,1,0.2092330600862305
0,0,0,0,0.12230616840197561
0,0,0,0,0.08856920890116142
1,1,1,1,0.5049045032489271
0,0,0,0,0.10142548696060628
0,1,0,0,0.10177502115153533
1,0,0,0,0.1354895234099536
0,0,0,0,-0.03331583137575686
0,0,0,0,0.10111067332875004
0,1,0,0,0.23606846081064667
0,0,0,0,-0.032508725660672116
0,0,0,0,0.0987980955375091
1,0,1,1,0.2722263203668812
0,0,0,0,0.09853419785559159
0,0,0,0,0.10976642321454663
0,0,0,0,0.037010615519363035
0,0,0,0,-0.028712950207693766
0,0,0,0,0.1198443508529175
0,0,0,0,-0.01618723451825757
1,0,0,0,0.09855436358627898
0,0,0,0,0.09971629568196122
0,0,0,0,0.07679936597924296
1,0,0,0,0.10995408396755402
1,1,1,1,0.5782229224372242
0,0,0,0,0.1302729774462105
0,0,0,0,0.07961117877962344
0,0,0,0,0.08022500514746146
0,0,1,0,0.3771950478810069
0,0,0,0,0.0933398053725267
0,0,0,0,0.08840441257598328
0,0,0,0,0.17120451359011768
0,0,0,0,-0.03331583137575686
0,0,0,0,0.12105269213426621
0,0,0,0,0.06899574530046133
0,0,0,0,0.1100574936814202
0,0,0,0,0.10210058896410579
0,1,0,0,0.09563411425059992
0,0,0,0,0.10037774584760792
0,0,0,0,0.099179531217937
0,0,0,0,0.3230794023937964
0,0,0,0,0.07621096809419277
0,0,0,0,0.10191890520785135
1,0,1,1,0.32476242848163817
0,0,0,0,0.12964112442102577
0,0,0,0,0.040577122865595935
0,0,0,0,0.11090171327470855
0,0,0,0,0.23700036434425356
0,0,0,0,-0.028309397350151366
0,0,0,0,0.09767767071788179
0,0,0,0,0.10665223363622207
0,0,0,0,0.04950748944938349
0,0,0,0,0.07588640115566869
0,0,0,0,0.09848466298287539
0,0,0,0,0.0930033301726075
0,0,0,0,0.14087068143095757
1,0,0,0,0.16707929031922583
1,1,1,1,0.40269989230523107
0,0,0,0,0.10672145632082501
0,0,0,0,0.10872018644469991
1,0,1,1,0.3395257720941329
0,0,0,0,0.07170662314415488
0,0,0,0,0.07034714999777815
0,0,0,0,0.2556157974502107
0,0,0,0,0.10505618157433536
0,1,0,0,0.2808056686964458
0,0,0,0,0.05172796964331605
0,0,0,0,0.10587854527069744
0,0,0,0,0.08574684526958916
0,0,0,0,0.09555356121805006
0,0,0,0,0.08241145517915316
0,0,0,0,0.05072048583995009
1,1,1,1,1.168056156502488
0,0,0,0,0.09512719883628162
0,0,0,0,0.07853023647108534
0,0,0,0,0.09101004540919538
0,0,0,0,0.11799347055425216
0,0,0,0,0.1270903791694273
0,0,0,0,-0.03331583137575686
0,0,0,0,0.11268632311764312
0,0,0,1,0.3300217179561372
0,0,0,0,-0.03331583137575686
1,1,0,1,0.48734423652117953
0,0,0,0,0.09622243760805785
0,0,0,0,0.1316515038600898
0,0,0,0,0.10826260552409722
1,0,0,0,0.19058099570238388
0,0,0,0,0.0710642076417547
0,0,0,0,-0.03331583137575686
0,1,0,1,0.5455063067922051
0,0,0,0,0.11902036225776164
0,0,0,0,0.11378586472181063
1,0,0,0,0.19658096711807027
0,0,0,0,0.23253990855767387
0,0,0,0,0.08904037174232315
0,0,0,0,0.11933232254926959
0,0,0,0,0.22134689668828467
0,0,0,0,-0.03331583137575686
0,0,0,0,0.09323688169144775
0,0,0,0,0.10283485247826801
0,0,0,0,0.09049583619938473
1,1,1,1,0.7783205738806135
1,1,1,1,0.5421792914989627
1,0,0,0,0.09251262401148311
1,1,0,0,0.21982869383239656
0,0,0,0,0.09675912498436304
0,0,0,0,0.12312746671964137
0,0,0,0,0.03304555064876526
0,0,0,0,0.0963801805464066
1,0,0,0,0.08641835491994197
1,0,1,1,0.41248473982101863
0,0,0,0,0.0800077921266058
0,0,0,0,0.1524883244401521
0,1,0,0,0.28203704958519693
0,0,0,0,0.04175140917953232
0,0,0,0,0.10586905168716175
1,1,1,1,0.6358831633931644
0,1,0,0,0.19179377365863154
0,0,0,0,0.089636095516274
0,0,1,0,0.5489703836232531
1,1,0,0,0.12832158924602816
1,0,1,1,0.20907108504585267
0,1,1,1,0.6268116167452451
1,0,1,1,0.38434273547736975
0,0,0,0,0.08142948016687902
0,1,0,0,0.19050380855851712
0,0,0,0,0.07031032736119852
1,1,1,1,0.5713020778918765
0,0,0,0,0.0963069786470883
0,0,0,0,0.09405946419583967
0,0,0,0,0.13313120728857558
0,0,0,0,0.08865081162704203
1,1,0,1,0.2510947353616871
0,0,0,0,0.08520774843370371
0,0,0,0,0.11163108743067948
0,0,0,0,0.05547436055771153
0,0,0,0,0.09956079463531992
0,0,0,0,0.10864011533381329
0,1,0,0,0.27263061050798265
0,0,0,0,0.09014902545579209
0,0,0,0,0.09541602410966947
0,0,0,0,0.08386430459413535
0,0,0,0,0.08196070690025306
0,0,0,0,0.10184923968126446
0,0,0,0,0.11764682837779747
0,1,0,0,0.2969444410643752
1,0,1,1,0.4230499554434023
0,0,0,0,0.16145695866389156
0,0,0,0,0.05441113699460495
0,0,0,0,0.12066639126041012
0,0,1,1,0.2744099748152274
0,0,0,0,0.12238277549135443
0,0,0,0,0.14900496978607616
0,0,1,0,0.36348581043851835
0,0,0,0,0.09717106791133306
0,0,0,0,0.0779769514283441
1,0,0,0,0.18386700210148632
0,0,0,0,0.06917530787849091
0,0,0,0,0.10306444869919454
0,0,0,0,0.09125320387755011
0,0,0,0,0.09950477657831358
0,0,0,0,0.0827663714592225
0,0,0,0,0.09567090678251106
0,0,0,0,0.10562780961651978
0,0,0,0,0.06110356250709216
0,0,0,0,-0.03331583137575686
0,0,0,0,0.09559411762604922
0,0,0,0,0.06263104374540152
0,0,0,0,0.10753623802369308
0,1,0,0,0.21217679953202903
0,0,0,0,0.183074842306411
1,1,1,1,0.7559329309450594
0,0,0,0,0.09764071591503952
0,0,0,0,0.10075103954470131
0,0,0,0,0.22864754820075028
0,0,0,0,0.07805597794917511
1,0,0,0,0.11836698161504167
0,0,0,0,0.131393305420935
0,0,0,0,0.12046077352430784
0,0,0,0,0.025327939126713994
0,0,0,0,0.16213141747289106
1,0,0,0,0.1005282844449515
0,0,0,0,-0.03331583137575686
0,0,0,0,0.10130989328131024
0,0,0,0,-0.03331583137575686
0,0,0,0,0.04515715761835934
0,0,0,0,0.2941455783642166
0,0,0,0,0.09488978935103158
0,0,0,0,0.13432623587758863
0,0,0,0,0.09989538581471195
0,0,0,0,0.1699349018784058
0,0,0,0,0.10015223651873126
1,1,1,1,0.364311741040654
0,0,0,0,0.09478054856860063
0,0,0,0,0.08276767183275674
0,0,0,0,0.11975587477821162
1,1,1,1,0.5367401038965532
0,0,0,0,0.11633669067248359
0,0,0,0,0.10418714601223522
0,0,0,0,0.07225819024857041
0,0,0,0,0.07145907961644714
0,0,0,0,0.10189305405022814
0,0,0,0,0.08549863880824682
1,1,1,1,0.8585763163057551
0,0,0,0,-0.03331583137575686
0,1,0,0,0.2574077688027615
0,0,0,0,0.0903392574097612
0,0,0,0,0.16651430251080448
0,0,0,0,0.11830360677755591
0,0,0,0,0.1000834838191236
1,1,0,0,0.24643201228061073
0,0,0,0,0.09189603487237719
0,0,0,0,0.18338637336334962
0,0,0,0,-0.03331583137575686
0,0,0,0,0.08950579785974527
0,0,0,0,0.14108753340099872
0,0,0,0,-0.03291227851821449
0,0,0,0,0.08827657761185558
0,0,0,0,0.10472877870617643
0,0,0,0,-0.028712950207693766
0,0,0,0,0.13970953313437032
0,0,0,0,0.11060559664600711
1,1,1,1,0.48970139428840775
0,0,0,0,0.05656797576786797
0,0,0,0,0.12065708880743195
0,0,0,0,0.059729364878440286
0,0,0,0,0.11294291462620534
0,0,0,0,0.05362045839060629
0,0,0,0,0.04894137647315584
0,0,0,0,0.08858229712198261
0,0,0,0,0.09081517898984319
0,0,0,0,0.06373540518862482
0,0,0,0,0.08127840947945694
0,0,0,0,0.16102031445077258
0,0,0,0,0.09181999216940542
1,1,0,0,0.24698409112295744
0,0,0,0,0.10539778899055943
0,0,0,0,0.1402524632102678
0,0,0,0,0.08305390798151804
0,0,0,1,0.3665328636560897
0,0,0,0,0.09123939862341521
0,0,0,0,0.14453748317799847
1,0,0,0,0.0997650509104808
1,1,1,1,0.5415374511818166
0,0,0,0,0.0491691506181194
1,0,0,0,0.11421674848561639
0,0,0,0,0.06688800238903256
0,0,0,0,-0.03331583137575686
0,0,0,0,0.09254672431940428
0,0,0,0,0.08801959925292731
0,0,0,0,0.10144464114600313
0,0,0,0,0.11161145401779266
0,0,0,0,0.1585774146023171
0,0,0,0,0.08677641098418507
0,0,0,0,0.07088433130108264
0,0,0,0,0.09568784649104514
0,0,0,0,0.053947412837027836
0,0,0,0,0.10948228031171064
0,0,0,0,0.16550717833115153
1,1,0,1,0.5681955177552721
0,0,0,0,0.10230200909655994
0,1,0,0,0.3054081370092999
0,0,0,0,0.11653169614902051
0,0,0,0,0.09688541571396149
0,0,0,0,0.10194043532936606
0,0,0,0,0.0715216167100897
1,0,0,0,0.09926762425282512
0,0,0,0,0.04927794087850093
0,0,0,0,0.08248001679937388
0,0,0,0,0.09783360470742045
0,0,0,0,0.027265076319439807
0,0,0,0,0.13412292020230768
0,0,0,0,0.08110913552148011
0,0,0,0,0.09237984261068097
0,0,0,0,0.15532988176962703
0,0,0,0,-0.03331583137575686
0,0,0,0,0.11386609694678763
0,0,0,0,0.1183428613527062
1,0,0,1,0.28829980259915355
0,0,0,0,-0.03331583137575686
0,0,0,0,0.16197042973401787
0,0,0,0,0.09215463281960987
0,0,0,0,-0.03331583137575686
0,0,0,0,0.01991304966696686
0,0,1,1,0.22665983197015277
0,0,0,0,0.08833603794914638
0,0,0,0,0.0633746590650905
0,1,1,1,0.7528632529569024
0,1,0,0,0.1622793866914802
0,0,0,0,0.10343796043231498
0,0,0,0,0.09757795035150554
0,0,0,0,0.037687295470691065
0,0,0,0,0.06963854098694333
0,0,0,0,0.12803042961014816
0,0,0,0,0.10260347502187522
0,0,0,0,0.040027074039277966
0,0,0,0,0.09603756765951946
0,0,0,0,-0.03291227851821449
1,0,0,0,0.20499229154771662
1,0,1,1,0.3584391037731204
0,0,0,0,0.11899418987433918
0,0,0,0,0.07242048039492588
0,0,0,0,0.056289324190126847
1,0,0,0,0.18638137684045775
0,1,0,0,0.22455451161785234
0,0,0,0,0.09614329574578664
0,0,0,0,0.07501724618423232
0,0,0,0,0.10729740604673793
0,1,0,0,0.10736893927919265
0,0,0,0,0.13565923753323442
0,0,0,0,0.22505532719304558
0,0,0,0,0.10644300457494368
0,0,0,0,0.08929944273633164
0,1,0,0,0.1392388477633606
1,0,0,0,0.41230844912513953
0,0,0,0,0.11916427620776837
1,1,0,0,0.21941886076543193
0,0,0,0,-0.01183535274849945
1,1,1,1,0.921588153319388
0,0,0,0,0.07488832840018085
0,0,0,0,0.03923019771892333
1,0,1,1,0.239067474057728
0,0,0,0,0.08955037240365767
0,0,0,0,0.09966608103935817
0,0,0,0,-0.03331583137575686
0,0,0,0,0.09674049865809914
0,0,0,0,0.16031149750522428
1,0,0,0,0.10920221907603825
0,0,0,0,0.16369245159672965
1,1,1,0,0.24034201115903575
0,0,0,0,0.1691831213577944
0,0,0,0,0.07966532699915335
0,1,1,0,0.18633606738980282
0,0,1,1,0.19340176187828378
0,0,1,1,0.4014428427527791
1,0,0,0,0.1987389398614013
0,0,0,0,0.09075791940607549
0,0,0,0,0.09798842695603799
0,0,0,0,0.13342875666381598
0,0,0,0,0.0636479665200274
0,0,0,0,0.08634490739115246
0,0,0,0,-0.03331583137575686
0,0,0,0,-0.03331583137575686
0,0,0,0,0.12234885034286956
0,0,0,0,0.09848166695487343
0,0,0,0,0.06318703289088792
1,1,1,1,1.2442817056520843
0,0,0,0,0.11838664107904742
0,0,0,0,-0.03331583137575686
0,0,0,0,0.07610096036430158
0,0,0,0,0.14559828485395732
0,0,0,0,0.11152602091710126
0,0,0,0,0.012134785715059243
0,0,0,0,0.06845720809899364
0,0,0,0,0.05432976436430094
0,0,0,0,0.05862697535675539
0,0,0,0,0.09073717292130824
0,0,0,0,0.08166911678861326
0,0,0,0,0.09032007067827472
0,0,0,0,0.06837914576266736
0,0,0,0,0.08772632619902791
0,0,0,0,0.1051576738908774
0,1,0,0,0.36505053099779516
1,1,1,1,0.5369434281090706
0,0,0,0,0.08416254108793231
0,0,0,0,0.050052213697228815
0,0,0,0,0.08501460878742094
0,0,0,0,0.0655836416304823
0,0,0,0,0.12759505838939547
0,0,0,0,0.1070402712679128
0,0,0,0,0.11593699058336018
0,0,0,0,0.16958484339762464
0,0,0,0,0.10904580344343223
0,0,0,0,0.1059786740228327
0,0,0,0,0.12236191406491673
0,0,0,0,0.08453216537470584
0,0,0,0,0.09343857310528572
1,1,1,1,0.6198555775885918
0,0,0,0,0.1476448301321676
0,0,0,0,0.10573764575800998
1,0,1,1,0.3127212472613641
0,0,0,0,0.08669148387997402
0,0,0,0,0.2781487067201557
0,0,0,0,0.09573118479381587
0,0,0,0,0.16068665670085233
0,0,0,0,0.09974339141631036
0,0,0,0,0.08214252664898898
1,0,1,1,0.4648520434075747
0,0,0,0,0.12781519266646355
0,0,0,0,-0.03331583137575686
0,0,0,0,0.09771763476911258
0,0,0,0,0.09232804511714876
0,0,0,0,0.04970118657614178
0,0,0,0,0.09601239930791727
0,0,0,0,0.10007676688497562
0,0,0,0,0.0941883565712877
1,1,0,0,0.2362706668923774
0,0,0,0,0.06973558229014845
1,1,1,1,0.5458368968474586
0,0,0,0,0.09284413743311577
0,0,0,0,0.09219146062322954
0,0,0,0,0.07986685591754872
0,0,0,0,0.10311340958638104
0,0,0,0,0.09466330683009289
0,0,0,0,0.2012161469979116
1,1,0,1,0.49622574241769246
0,0,0,0,0.10302014290753762
0,0,0,0,0.13227130225580613
0,0,0,0,0.08995276064314464
0,0,0,0,0.08315412479989247
0,0,0,0,0.04973544873626981
1,1,1,1,0.9652696863047316
0,0,0,0,0.11315387078369299
0,0,0,0,0.09763283219161328
0,0,0,0,0.15029010042561353
0,0,0,0,0.046447666959888806
0,0,0,0,0.11349896588594938
0,0,0,0,-0.028712950207693766
0,0,0,0,0.13247962624043724
0,0,0,0,0.05432976436430094
0,0,0,0,0.05318140468198068
0,0,0,0,-0.032105172803129745
1,0,0,1,0.45925200921457865
0,0,0,0,-0.03331583137575686
0,0,0,0,0.07598274560493207
1,1,1,1,0.7740629119947529
0,0,0,0,0.09595002182170748
0,0,0,0,0.038294853646837976
0,0,0,0,0.12371474472113879
1,1,0,1,0.47920514256049584
0,0,0,0,0.09438533342416522
0,0,0,0,0.10350183860379181
0,0,0,0,0.20851657022037157
0,0,0,0,0.09011328001997124
0,0,0,0,0.08902311359463234
0,0,0,0,0.11173976230384687
0,0,0,0,0.07654532904249642
0,0,0,0,0.07096696060065862
1,0,1,1,0.3223840263548109
0,0,0,1,0.3026103876093612
1,0,0,0,0.18972298630811923
0,0,0,0,0.12227292123485138
1,1,0,0,0.3638113474000152
0,0,0,0,0.09672650037210564
1,1,1,1,0.5667661437815152
0,0,0,0,0.06199438686747062
0,0,1,1,0.39892413749576444
0,0,0,0,0.0980152553957793
0,0,0,0,0.07720976352793127
0,0,0,0,0.0720212103073995
0,0,0,0,0.051462437902323965
0,0,0,0,0.09497803664294416
0,0,0,0,0.09394832915208395
0,0,0,0,0.09883408526683474
1,1,1,1,0.5109207572730955
0,0,0,0,0.08620221537107033
0,0,0,0,0.08857987559168129
0,0,0,0,0.05545963791823666
0,0,0,0,0.09862340138572774
1,1,1,1,0.5448112504855702
0,0,0,0,0.12939793820778717
1,0,0,0,0.1845467732122536
1,0,0,0,0.1872460169094633
0,0,0,0,0.07767236099879733
0,0,0,0,0.08278705634004024
0,0,0,0,0.15587767257557675
0,0,0,0,0.09667650090547078
0,0,0,0,-0.03331583137575686
0,0,0,0,0.083734586301163
0,0,0,0,0.10434684995730634
0,0,0,0,-0.028712950207693766
0,0,0,0,0.08982302237039524
0,1,0,0,0.08645984655302096
1,0,1,1,0.2992363754042324
0,0,0,0,0.11819306616636845
1,0,0,0,0.1919013984630631
0,0,0,0,0.09546574405027905
1,1,0,0,0.2196430954602619
0,0,0,0,0.0497114652241802
0,0,0,0,0.043481880635801565
0,0,0,0,0.08603551870712103
0,0,0,0,0.12385522512634438
0,0,0,0,0.08295195458859944
0,0,0,0,0.1049200088313327
0,0,0,0,0.11003225026090546
0,0,1,0,0.3421328723729573
0,0,0,0,-0.03291227851821449
0,0,0,0,0.12525985729382377
1,0,1,1,0.2665799613822082
0,0,0,0,-0.03331583137575686
0,0,0,0,0.1751004544677036
0,1,1,1,0.49687854935439435
0,0,0,0,0.09194106669244978
0,0,0,1,0.17107116194855138
0,0,0,0,0.10533470461328043
0,1,0,1,0.40793896621931547
0,0,0,0,0.09198663354908179
1,1,1,1,0.6361860026418109
0,0,0,0,0.10070523250967811
0,0,0,0,0.08933058776325731
0,0,0,0,0.10327314973515006
0,0,0,0,0.11549312553878165
0,0,0,0,-0.03331583137575686
0,0,0,0,-0.03331583137575686
0,0,0,0,0.052984237422198766
0,0,0,0,0.12014972296584965
0,0,0,0,0.10268233215117378
0,0,1,1,0.3975881418386207
1,1,1,1,0.5005871239319853
0,1,0,0,0.11694781789988729
0,0,0,0,-0.03331583137575686
0,0,0,0,-0.03331583137575686
0,0,1,1,0.1944329524471397
0,0,0,0,0.0369445527624071
0,0,0,0,0.09507464155220646
0,0,0,0,0.09462834494028208
0,0,0,0,-0.03331583137575686
0,0,0,0,0.08436655769590022
0,1,0,0,0.1959327125713995
0,0,0,0,-0.03331583137575686
0,0,0,0,0.23524198710219862
0,0,0,0,0.10911844728122794
0,0,0,0,0.10181934724421768
0,0,0,0,0.05494008689960682
0,0,0,0,0.08352404733526818
0,0,0,0,0.0638350246594329
0,0,0,0,0.11110634201600776
0,0,1,1,0.3954523918852806
0,0,0,0,0.07971948119363247
0,0,0,0,-0.03331583137575686
0,0,0,0,0.1559363470382065
0,0,0,0,-0.03331583137575686
0,0,0,0,0.08553860776395861
0,0,0,0,0.08832028821252896
0,0,0,0,0.0607470698294864
0,0,0,0,0.08452981798801666
0,0,0,0,0.06421255987678874
0,0,0,0,0.13171747197646505
1,0,0,0,0.26675002046241253
0,0,0,0,-0.03331583137575686
0,0,1,1,0.3365765918184166
0,0,0,0,0.1603947791916152
0,0,0,0,0.13086719276586384
1,0,0,0,0.17235378516007932
0,0,0,0,0.09769495412600276
0,0,0,0,0.09667047743708426
0,0,0,0,0.07810898109019601
1,1,0,1,0.23550047479468744
0,0,0,0,0.1304078311759183
1,0,1,0,0.3388404057093555
0,0,0,0,-0.03331583137575686
0,0,0,0,0.07826584564934452
0,0,0,0,0.10924776881513218
1,1,1,1,0.5284370330190045
0,1,0,0,0.24168236109331942
0,0,0,0,-0.03291227851821449
0,0,0,0,0.1219248846758855
0,0,0,0,0.09180287249761207
0,0,0,0,0.04937472357888743
0,0,1,1,0.2334620628025642
0,1,1,1,0.4916793395266337
0,0,0,0,0.03904143523160815
0,0,0,1,0.27733632030341715
0,0,0,0,-0.028712950207693766
0,0,0,0,0.08739890776508222
0,0,0,0,-0.03331583137575686
0,0,0,0,0.09714538822423513
0,0,0,0,0.07375031897290825
0,0,0,0,0.09966124279526915
0,0,0,0,0.09579576301798833
0,0,0,0,0.10124037604919853
0,0,0,0,0.10607041958474488
0,0,0,0,0.22544647618214886
0,0,0,0,-0.03331583137575686
0,0,0,0,0.07223000236262529
0,0,0,0,0.10226684120437618
0,0,0,0,0.08750414549628581
1,1,0,0,0.24678175109042283
0,0,0,0,0.18491419239985474
0,0,0,0,0.08659520189061325
0,0,0,0,0.14859464509572273
0,1,1,1,0.4084628515258678
1,0,0,0,0.19585101918702544
1,0,0,0,0.16604319784169988
1,0,0,0,0.07203608409688483
0,0,0,0,0.1938924085493875
0,0,0,0,0.10540283908096434
0,0,0,0,0.13550970232282478
0,0,0,0,0.15850697260791255
1,1,1,1,0.5735519591952162
0,0,0,1,0.1939172692378241
1,0,0,0,0.08080229402992732
0,0,0,0,0.07555766660841086
0,0,0,0,0.0926463896068117
0,1,0,0,0.132564007268999
0,0,0,0,0.07067019280028257
1,0,0,0,0.25158926796995884
0,1,0,0,0.274459842400891
0,0,0,0,0.04337260786358804
0,0,0,0,0.15689175368100206
0,0,0,0,0.051688391863566385
0,0,0,0,0.10041981260720075
0,0,0,0,0.08441348594215396
0,0,0,0,0.08422793253688261
1,0,0,0,0.09190700587561071
0,0,0,0,0.08949376616735218
0,0,0,0,0.10619486370260364
1,0,0,0,0.16337055901080128
0,0,0,0,-0.032508725660672116
0,0,0,0,0.0857731659030323
0,0,0,0,0.11748983956170606
0,0,0,0,0.0640926423163407
1,0,1,1,0.32005986165493994
0,0,0,0,0.11834033384655246
1,0,0,0,0.14472058848566263
0,0,0,0,0.11462494081644625
0,0,0,0,0.18271165552406546
0,0,0,0,0.12401434035559125
1,0,1,1,0.4468491102859955
1,0,0,0,0.10068222619419359
0,0,0,0,0.07688433097189379
0,0,0,0,-0.03331583137575686
0,0,0,0,0.09531169574697874
0,0,0,0,0.10470724858465519
1,0,1,1,0.3825487567036434
0,0,0,0,0.05159640111920645
0,0,0,0,0.1496963219543244
0,0,0,0,0.07024312046864703
0,0,0,0,0.18816753451781626
0,0,0,0,0.07999357847465655
0,0,0,0,0.10553918701045367
0,0,0,0,-0.027905844492609022
1,0,1,1,0.24844127225984802
0,0,0,0,0.08975949441211112
0,0,0,0,-0.03331583137575686
0,0,0,0,0.08756321304237306
1,0,0,1,0.21986732456180902
0,0,0,0,0.09337307792492835
0,0,1,0,0.30558100093861906
0,0,0,0,0.0764746633372324
0,0,0,0,0.09923640853526967
0,0,0,0,0.10026622691303617
0,0,0,0,0.10637248545826579
0,1,0,0,0.12463877565460531
0,1,0,0,0.2939912947046968
0,0,0,0,0.11630654272613539
0,0,0,0,0.10014862804451613
0,0,0,0,0.0741464367113744
0,0,0,0,0.10776735023585655
0,0,0,0,0.2078586474166022
0,0,0,0,0.10735837963119696
0,0,0,0,0.09586894704691065
0,0,0,0,0.09773128711532003
0,0,0,0,0.09101446937190029
0,0,0,0,0.11312964164486353
1,0,0,0,0.22832106271182412
1,1,1,1,0.6432650776450065
0,0,0,0,0.09422045185450509
0,0,0,0,0.07885894616676388
0,0,0,0,0.06850738710241319
0,0,0,0,0.046687602125845565
0,0,0,0,0.07051861816931913
1,0,0,0,0.09064534378333666
1,1,1,1,0.6847906757620484
0,0,0,0,-0.027905844492609022
0,0,0,0,0.08152509717039814
0,0,0,0,0.02330528539975779
0,0,0,0,0.07701643374425655
0,0,0,1,0.1793881505326227
0,0,0,0,0.0878390166180242
0,0,0,0,-0.03331583137575686
0,0,0,0,0.03826799094548412
0,0,0,0,0.10189103414102252
0,0,0,0,0.022668179577981007
0,0,0,0,0.06044469278019132
0,1,0,0,0.11057205201243253
0,0,0,0,0.17701486440965453
0,0,0,0,0.08593138220591598
0,0,0,0,-0.03331583137575686
0,0,0,0,0.10144360770087381
0,0,0,0,-0.03331583137575686
0,0,0,0,0.06429821527710877
0,0,0,0,0.14807725915524847
0,0,0,0,0.11047115628852096
0,0,0,0,0.08073468181757439
0,1,0,0,0.3177844527646747
1,0,0,1,0.2721534334405437
0,0,0,0,0.007531904546996149
0,0,0,0,0.08382100122583021
0,0,0,0,0.10013348657353291
0,0,0,0,0.10490194435571704
0,0,0,0,-0.0004882091704302982
0,0,0,0,0.08292645534956189
0,0,0,0,0.08478101161927071
0,0,0,0,0.10591127770442081
0,0,0,0,0.09311706751561277
0,0,0,0,0.09440722651459421
1,1,1,1,0.5726791711476242
0,0,0,0,0.08484366778516253
0,0,0,0,0.09818915466520059
1,0,0,0,0.1834145792057914
0,0,0,0,-0.03331583137575686
1,0,1,1,0.4144676514527905
0,0,0,0,0.11791723876263493
0,0,0,0,-0.03331583137575686
0,0,0,0,0.08431355605240022
0,0,0,0,0.04977827643642982
0,0,0,0,0.025639725068428126
0,0,0,0,0.0727407156700877
0,0,0,0,0.09150737335007329
0,0,0,0,0.13212135180332849
0,0,0,0,0.092133408810187
0,0,0,0,0.08971027598257988
0,0,0,0,0.11878928758092082
1,0,0,0,0.21420215362811743
0,0,0,0,0.10487057870090868
0,0,1,0,0.17406787737541754
0,0,0,0,0.1005951022819095
0,0,0,0,0.09099834039567516
0,0,0,0,0.12384227606885036
0,0,0,0,0.09485870221594728
0,0,0,0,-0.028712950207693766
0,0,0,0,0.09800068405204351
0,0,0,0,0.09697026772945463
0,0,0,0,0.007128351689453721
0,0,0,0,0.09394811217542362
1,0,1,1,0.2906492637323962
0,0,0,0,0.184669939764047
0,0,0,0,0.0855118251048398
1,0,0,0,0.24014582143294244
1,0,0,0,0.12539569845480766
0,1,1,1,0.5532029285868514
0,0,0,0,0.05410086634688173
0,0,0,0,0.07980103795408611
0,0,0,0,0.06808756657506314
0,0,0,0,0.09264900597295768
0,0,1,1,0.20622795431789376
0,0,0,0,0.16447982880620426
1,1,0,0,0.09738917321862409
0,0,0,0,-0.03331583137575686
0,0,0,0,0.08033427574718113
0,0,0,0,0.12155973743992443
0,0,0,0,0.08827634478859872
0,0,0,0,0.022077709550432006
0,0,0,0,0.1112144569982475
0,0,0,0,0.08661693624279578
1,0,1,1,0.30135712647823065
0,0,0,0,0.08835632923842188
0,0,0,0,0.13512728808870975
0,0,0,0,-0.02669518591998188
0,0,0,0,0.07015952486315488
1,0,1,1,0.2143541892261141
0,1,1,0,0.5568523243767817
0,0,0,0,0.1168032648027576
0,0,0,0,0.10874622705676824
0,0,0,0,-0.03331583137575686
0,0,0,0,0.09330453673362857
0,0,0,0,0.06494916780618147
0,0,0,0,0.11195977218011245
0,0,0,0,0.123052136360821
0,1,1,1,0.6453804341499765
0,0,0,0,-0.03331583137575686
0,0,0,0,0.09769778777600585
1,1,1,1,2.603882023233941
0,0,0,0,0.11976222002635063
1,0,0,1,0.2793177567768923
0,0,1,1,0.27786985189898483
0,0,0,0,-0.03331583137575686
0,0,0,0,0.15441384770091615
0,0,0,0,0.09752262833673703
1,1,1,1,0.8256568763537881
0,1,0,0,0.1259085198503913
0,0,0,0,0.07754469059597141
1,1,1,1,0.5647111336031309
1,1,1,1,0.6142207098635579
0,0,1,0,0.44256716521302975
0,0,0,0,0.05888809430005579
0,0,0,0,0.19349055839821488
0,0,0,0,0.10047120774958163
0,0,0,0,0.042539761437962245
0,0,0,0,0.10932669538771128
0,0,0,0,0.0983725508325746
1,0,1,1,0.43090538177337634
0,0,0,0,0.11123989448688554
0,0,0,0,0.10109328437064771
0,0,0,0,0.029461963963472435
0,0,0,0,0.10231734352214997
0,0,0,0,0.10452490433970557
1,1,0,0,0.2566167525227705
0,0,0,0,0.07351589704298395
0,0,0,0,0.08868082401894073
0,0,0,0,0.23549815444835479
0,0,0,0,0.13071369480775266
0,0,0,0,0.10163058903741284
1,0,0,0,0.15047534344283053
0,0,0,0,-0.03291227851821449
0,0,0,0,0.09359178134024225
0,0,0,0,0.09000360340715194
0,1,0,0,0.10910579245295474
0,0,0,0,0.08079055083166155
1,1,1,1,0.7099938657693114
0,0,0,0,0.06008691606187916
0,0,0,0,0.03815383188412008
1,0,0,0,0.09390513099764924
0,0,0,0,0.09084911933219647
1,1,1,1,0.5884739760019552
0,0,0,0,0.09951222541735608
0,0,0,0,0.0809033677837905
1,0,1,1,0.28840824405028165
0,1,0,0,0.20541285107089818
0,0,0,0,0.044517927519104314
0,0,0,0,0.10588963369883458
1,1,1,1,0.474181057276023
0,0,0,0,0.1441046425623589
1,0,0,0,0.24125957450656682
0,0,0,0,0.07695195318244674
0,0,0,0,0.23302471679534242
0,0,0,0,0.0845472046936446
0,0,0,0,0.10209531629212057
0,0,0,0,0.10259168861720128
0,0,0,0,0.08117363101470836
0,0,0,0,0.08573917282686778
1,0,1,1,0.23859406685355117
1,0,0,0,0.11790265362771515
0,0,0,0,0.09314669082704857
0,0,0,0,0.1933967677721745
0,0,0,0,0.0949565241184714
0,0,0,0,0.09255710459407665
0,1,0,1,0.3278376196482639
0,0,0,0,0.07509292888491066
0,0,0,0,0.10110107448960481
0,0,0,0,0.10624986462829486
1,1,1,1,0.936556437474228
0,0,0,0,0.06418258048667673
0,0,0,0,0.07300750982103271
0,0,0,0,0.10951218645346411
1,0,0,0,0.10135170776307974
0,0,0,0,0.07346597957577676
0,0,0,0,0.09054136281526567
1,1,1,1,0.4983231857408159
0,0,0,0,0.060230350369401206
0,0,0,0,0.09009922853730942
0,0,0,0,0.12936409643714883
0,0,0,0,0.08043417354991908
1,0,1,1,0.4117096265820751
0,0,0,0,0.1039354211034739
0,0,0,0,0.0708711549506447
0,0,0,0,0.12821010110675513
0,0,0,0,0.04268312176343779
0,0,0,0,0.07659411208535062
0,0,0,0,0.07288632985063176
0,0,1,1,0.44459547152798873
1,0,0,0,0.14532210925838213
1,1,1,1,0.5449344228283448
1,0,0,0,0.18603153851361692
0,0,0,0,0.07967601513930184
1,0,0,0,0.29207758119956156
0,0,0,0,0.10318175499326307
0,0,0,0,0.10090979448232701
1,1,1,1,0.46711302543236877
1,0,0,0,0.14353222194467258
0,0,0,0,0.03444173469352298
0,0,0,0,0.09267503879228697
0,0,0,0,0.09800340774055233
0,0,0,0,0.08918369431045424
0,0,0,0,0.09307107039221799
0,0,0,0,0.0947060379073893
0,0,0,0,0.11554595226432392
0,0,0,0,0.0686785311685861
0,0,0,0,0.007541664803208892
0,0,0,0,0.0768896232164547
0,0,0,0,0.1278573409947563
0,0,0,0,0.07569260531154458
0,0,0,0,0.17459513238000543
0,0,0,0,0.13269549592935798
0,0,0,0,0.12075599772280776
0,0,0,0,0.12133092177623594
0,0,0,0,0.08555580012630395
0,0,0,0,0.096462344719101
0,0,0,0,0.10668316179621645
1,1,0,0,0.2921028536739848
0,0,0,0,0.1071511220204607
1,0,1,1,0.43285314028976396
0,0,0,0,0.0834012420017593
1,0,1,1,0.2748165199663441
0,0,0,0,0.11828101387406531
0,0,0,0,0.09221614897217656
0,1,0,1,0.8693495302762028
0,0,0,0,0.20161273993468604
0,0,0,0,0.09446132657677692
1,1,1,0,0.2541324438403383
0,0,0,0,0.014207021293615618
0,0,0,0,0.09862377367351804
0,0,0,0,0.08355466069771755
0,0,0,0,0.08504214216756076
0,0,0,0,0.10842720462140601
0,1,0,0,0.16841261952682976
0,0,0,0,-0.03291227851821449
0,0,0,0,0.10518184774121592
0,1,1,1,0.7232134714657034
0,0,0,0,0.15000102498066178
0,0,0,0,0.08863436539595448
0,0,0,1,0.31236458808902084
0,0,0,0,-0.032105172803129745
0,0,0,0,0.024391377835110972
1,1,0,0,0.11123001474491427
0,0,0,0,0.12345002838383753
1,1,1,1,0.7385728032803303
0,0,0,0,0.1517366162206334
1,0,0,1,0.3025660852812598
0,0,0,0,0.11548673845208293
1,0,1,1,0.19952391924134766
0,0,0,0,0.006520538442362417
0,0,0,0,0.05986421670280652
1,1,1,1,1.070979770639384
1,0,1,1,0.4252338130091653
1,0,0,1,0.22718385956037743
0,0,0,0,0.08625630333541477
0,0,0,0,0.08454803011084137
0,0,0,0,0.0804431085184635
0,0,0,0,-0.03331583137575686
0,0,0,0,-0.03331583137575686
0,0,0,0,0.1181870682454371
0,1,1,1,0.5639891324603078
1,0,1,1,0.2989445699306188
0,0,0,0,0.2793592225777924
0,0,0,0,0.09732133629591036
0,0,0,0,0.11098502524731779
0,0,0,0,0.05982537179639019
0,0,0,0,0.08093482904943217
0,0,0,0,0.09658220862179848
0,0,0,0,0.08554528389975956
0,0,0,0,0.07663265701549463
0,0,0,0,0.09825128342678666
1,0,0,0,0.28038347523946894
1,0,0,0,0.17269687592866695
0,0,0,0,0.1008901532968667
0,0,0,0,0.10185374901139456
1,1,1,1,0.6879768203895362
0,0,0,0,-0.03291227851821449
0,0,0,0,0.06653361815805932
0,0,0,0,0.08485498511786149
0,0,0,0,0.1005191811498092
0,0,0,0,0.08746927152503514
0,0,0,0,0.12807999095548636
0,0,0,0,0.1047824296340275
0,0,0,0,0.11218179523190422
0,0,0,0,0.18669774524842767
1,0,0,0,0.17439932684530304
0,0,0,0,0.07898591554029731
1,0,0,0,0.25415312595133244
0,0,0,0,0.17643299008359095
0,0,0,0,0.10199651802615367
0,0,0,0,0.1431466291628401
0,0,0,0,-0.028712950207693766
0,0,0,0,0.13523377496310282
1,1,1,1,0.6758273522858895
0,0,0,0,0.11264500484991925
0,0,0,0,0.11330483361418384
0,0,0,0,0.08071722778743391
0,0,0,0,-0.03331583137575686
0,0,0,0,0.11684627233325462
1,1,1,1,0.9040458759492171
1,0,1,1,0.3141844619007176
0,0,0,0,-0.03291227851821449
0,0,0,0,0.1899788206362257
0,0,0,0,-0.032508725660672116
0,0,0,0,0.07043010631373403
0,0,0,0,0.0664415075626411
0,0,0,0,0.1183903153211531
1,0,0,0,0.14612740536810948
0,0,0,0,0.08923139390344859
1,0,1,0,0.2342086596993371
0,0,0,0,0.09929628387462999
0,0,0,0,0.15364616325214248
0,0,0,0,0.09002801253503023
0,0,0,0,0.15310287472347647
0,0,0,0,0.07700144404920055
0,0,0,0,0.0973173251582959
1,0,0,0,0.09207788126622822
0,0,0,0,0.08705052978162245
0,0,0,0,0.08352972510223935
1,0,0,0,0.15737720684339296
1,0,0,0,0.10488208149269734
0,0,0,0,0.09206543558066729
0,0,0,0,0.10634326349466727
1,0,0,0,0.19462845107202334
0,0,0,0,0.11927295300208858
0,0,0,0,0.13355675909151551
0,0,0,0,0.10128150999890863
0,0,0,0,0.081756844305921
0,0,0,0,0.07220108664807155
0,0,0,0,0.14267861284183184
1,0,1,1,0.43800032942409073
0,0,0,0,0.050929838525138924
0,0,0,0,0.11370237118221888
0,0,0,0,0.08491484071756822
0,0,0,0,0.08845077595120951
0,0,0,0,0.13162722520528455
0,0,1,0,0.2794236622108906
0,0,0,0,0.185267102868206
0,0,0,0,0.11030861974548872
0,0,0,0,0.12753438749538956
0,0,0,0,0.17877728152904473
1,0,1,1,0.41384992555600475
0,0,0,0,0.06751018195515464
1,0,0,0,0.23771038054557259
1,0,0,0,0.1145872417383194
0,0,0,0,0.08949535002109385
0,0,0,0,0.11069183067370324
0,0,0,0,0.08657845579477552
1,1,0,0,0.2837296415688175
0,0,0,0,0.08335152183041543
0,0,0,0,0.0835569062166643
0,0,0,0,0.10836471636749188
0,0,0,0,0.09542063464806314
1,0,1,1,0.25109433049612073
0,0,0,0,0.09750074783015407
0,0,0,0,-0.03331583137575686
0,0,1,1,0.3743992818460924
0,0,0,0,0.12012478852218009
0,0,0,0,0.10417957123410104
0,0,0,0,0.11791767871570956
0,0,0,0,0.14697569010657205
0,0,0,0,0.12396314665611671
1,1,1,1,0.5817426840965879
0,0,0,0,0.09454763067869207
0,0,0,0,0.09650037374204884
1,1,1,1,1.0522838457389636
0,0,0,0,0.10569864329009368
0,0,0,0,0.08076162189781162
0,1,0,0,0.10624688769161392
0,0,0,0,0.1319746751418515
0,0,0,0,0.10016618241421041
1,1,1,1,1.0454662340113656
0,0,0,0,0.09197420531893243
0,0,0,0,0.052684603360124524
0,0,0,0,0.07554045653065503
0,0,0,0,0.06434104297726878
0,0,0,0,0.11133028886797629
0,0,0,0,0.11087615913711141
1,1,1,1,0.9246714902376335
0,0,0,0,0.10886827828728907
0,0,0,0,0.08431359032729023
0,0,0,0,0.09279182768360011
0,0,0,0,0.0805224348121936
0,0,0,0,0.08029435709250378
0,0,0,0,0.049744014276301804
0,0,0,0,0.09307807415844102
0,1,0,0,0.10460870367901537
0,0,0,0,0.0777878916112356
0,0,0,0,0.09861996022108598
1,1,0,1,0.43416337941664174
0,0,0,0,0.09080708705007305
0,0,0,0,0.0988249521252047
0,0,0,0,0.07344820588378385
1,1,1,1,0.6262743603194708
0,0,0,0,0.0721411765215735
1,0,0,0,0.13383041136211854
0,0,0,0,0.29628104765819785
0,1,0,0,0.13962640556727404
1,1,1,1,0.646628387691969
0,0,0,0,0.0643144044795601
0,0,0,0,0.14176832749075283
1,1,0,0,0.26317362785261145
0,0,0,0,0.06229561384253696
